name_j,availability,code_map,type_muni,name_e,year,url,zip,shp,geojson,altdir,source,col,levels,labels,palette,muni_column,muni_type,encoding,qml,epsg
1. 国土（水・土地）,,,,,,,,,,,,,,,,,,,,
【水域】,,,,,,,,,,,,,,,,,,,,
海岸線,yes,C23,,Coastline,2006,https://nlftp.mlit.go.jp/ksj/gml/data/C23/C23-06/C23-06_code_pref_GML.zip,C23-06_code_pref_GML.zip,C23-06_code_pref-g_Coastline.shp,,C23-06_code_pref_GML,https://nlftp.mlit.go.jp/ksj/gml/datalist/KsjTmplt-C23.html,,,,,C23_001,code_pref_muni,CP932,C23.qml,4612
海岸保全施設（ライン）,yes,P23,,,2012,https://nlftp.mlit.go.jp/ksj/gml/data/P23/P23-12/P23-12_13_GML.zip,P23-12_code_pref_GML.zip,P23b-12_code_pref.shp,,P23-12_code_pref_GML,https://nlftp.mlit.go.jp/ksj/gml/datalist/KsjTmplt-P23.html,,,,,,,CP932,P23b.qml,4612
海岸保全施設（ポイント） ,yes,P23,,,2012,https://nlftp.mlit.go.jp/ksj/gml/data/P23/P23-12/P23-12_13_GML.zip,P23-12_code_pref_GML.zip,P23a-12_code_pref.shp,,P23-12_code_pref_GML,https://nlftp.mlit.go.jp/ksj/gml/datalist/KsjTmplt-P23.html,,,,,,,CP932,P23a.qml,4612
湖沼,yes,W09,single,,2005,https://nlftp.mlit.go.jp/ksj/gml/data/W09/W09-05/W09-05_GML.zip,W09-05_GML.zip,W09-05-g_Lake.shp,,W09-05_GML,https://nlftp.mlit.go.jp/ksj/gml/datalist/KsjTmplt-W09-2005.html,,,,,,,CP932,W09.qml,4612
流域メッシュ ,,W07,mesh,,,,,,,,,,,,,,,,,
ダム,yes,W01,single,,2014,https://nlftp.mlit.go.jp/ksj/gml/data/W01/W01-14/W01-14_GML.zip,W01-14_GML.zip,W01-14-g_Dam.shp,,W01-14_GML,https://nlftp.mlit.go.jp/ksj/gml/datalist/KsjTmplt-W01.html,,,,,,,CP932,W01.qml,6668
河川（ライン）,maybe (都道府県によって年が違う),W05,,Stream,,https://nlftp.mlit.go.jp/ksj/gml/data/W05/W05-08/W05-08_code_pref_GML.zip,W05-08_code_pref_GML.zip,W05-08_code_pref-g_Stream.shp,,W05-08_code_pref_GML,https://nlftp.mlit.go.jp/ksj/gml/datalist/KsjTmplt-W05.html,,,,,,,CP932,,4612
河川（ポイント）,maybe (都道府県によって年が違う),W05,,River Node,,https://nlftp.mlit.go.jp/ksj/gml/data/W05/W05-08/W05-08_code_pref_GML.zip,W05-08_code_pref_GML.zip,W05-08_code_pref-g_RiverNode.shp,,W05-08_code_pref_GML,https://nlftp.mlit.go.jp/ksj/gml/datalist/KsjTmplt-W05.html,,,,,,,CP932,,4612
【地形】,,,,,,,,,,,,,,,,,,,,
標高・傾斜度3次メッシュ,,G04-a,mesh,,,,,,,,,,,,,,,,,
標高・傾斜度4次メッシュ,,G04-c,mesh,,,,,,,,,,,,,,,,,
標高・傾斜度5次メッシュ,,G04-d,mesh,,,,,,,,,,,,,,,,,
低位地帯,yes,G08,,,2015,https://nlftp.mlit.go.jp/ksj/gml/data/G08/G08-15/G08-15_code_pref_GML.zip,G08-15_code_pref_GML.zip,G08-15_code_pref.shp,,G08-15_code_pref_GML,https://nlftp.mlit.go.jp/ksj/gml/datalist/KsjTmplt-G08-2015.html,,,,,,,CP932,,6668
【土地利用】,,,,,,,,,,,,,,,,,,,,
土地利用3次メッシュ,,L03-a,mesh,,,,,,,,,,,,,,,,,
土地利用細分メッシュ ,,L03-b,mesh,,,,,,,,,,,,,,,,,
土地利用細分メッシュ（ラスタ版）,,L03-b_r,mesh,,,,,,,,,,,,,,,,,
都市地域土地利用細分メッシュ,,L03-b-u,mesh,,,,,,,,,,,,,,,,,
土地利用詳細メッシュ,,L03-b-c,mesh,,,,,,,,,,,,,,,,,
森林地域（森林地域 ）,yes,A13,,Forest Area,2015,https://nlftp.mlit.go.jp/ksj/gml/data/A13/A13-15/A13-15_code_pref_GML.zip,A13-15_code_pref_GML.zip,a001code_pref0020160207.shp,,A13-15_code_pref_GML,https://nlftp.mlit.go.jp/ksj/gml/datalist/KsjTmplt-A13-2015.html,,,,,A23_002,code_pref_muni,CP932,A13-07.qml,4612
森林地域（国有林 ）,yes,A13,,Forest Area,2015,https://nlftp.mlit.go.jp/ksj/gml/data/A13/A13-15/A13-15_code_pref_GML.zip,A13-15_code_pref_GML.zip,a001code_pref0020160208.shp,,A13-15_code_pref_GML,https://nlftp.mlit.go.jp/ksj/gml/datalist/KsjTmplt-A13-2015.html,,,,,A23_002,code_pref_muni,CP932,A13-08.qml,4612
森林地域（地域森林計画対象民有林 ）,yes,A13,,Forest Area,2015,https://nlftp.mlit.go.jp/ksj/gml/data/A13/A13-15/A13-15_code_pref_GML.zip,A13-15_code_pref_GML.zip,a001code_pref0020160209.shp,,A13-15_code_pref_GML,https://nlftp.mlit.go.jp/ksj/gml/datalist/KsjTmplt-A13-2015.html,,,,,A23_002,code_pref_muni,CP932,A13-09.qml,4612
森林地域（保安林 ）,yes,A13,,Forest Area,2015,https://nlftp.mlit.go.jp/ksj/gml/data/A13/A13-15/A13-15_code_pref_GML.zip,A13-15_code_pref_GML.zip,a001code_pref0020160210.shp,,A13-15_code_pref_GML,https://nlftp.mlit.go.jp/ksj/gml/datalist/KsjTmplt-A13-2015.html,,,,,A23_002,code_pref_muni,CP932,A13-10.qml,4612
国有林野,yes,A45,,,2018,https://nlftp.mlit.go.jp/ksj/gml/data/A45/A45-19/A45-19_code_pref_GML.zip,A45-19_code_pref_GML.zip,A45-19_code_pref.shp,,A45-19_code_pref_GML,https://nlftp.mlit.go.jp/ksj/gml/datalist/KsjTmplt-A45.html,,,,,,,CP932,A45.qml,6668
農業地域（農業地域）,yes,A12,,,2015,https://nlftp.mlit.go.jp/ksj/gml/data/A12/A12-15/A12-15_code_pref_GML.zip,A12-15_code_pref_GML.zip,a001code_pref0020160205.shp,,A12-15_code_pref_GML,https://nlftp.mlit.go.jp/ksj/gml/datalist/KsjTmplt-A12.html,,,,,,,CP932,A12-05.qml,4612
農業地域（農用地区域）,yes,A12,,,2015,https://nlftp.mlit.go.jp/ksj/gml/data/A12/A12-15/A12-15_code_pref_GML.zip,A12-15_code_pref_GML.zip,a001code_pref0020160206.shp,,A12-15_code_pref_GML,https://nlftp.mlit.go.jp/ksj/gml/datalist/KsjTmplt-A12.html,,,,,,,CP932,A12-06.qml,4612
都市地域（ポリゴン）,,A09,muni,,2015,https://nlftp.mlit.go.jp/ksj/gml/data/A12/A12-15/A12-15_code_pref_GML.zip,,,,,,,,,,,,,,
用途地域（ポリゴン）,,A29,muni,,,,,,,,,,,,,,,,,
立地適正化計画区域（ポリゴン） ,,A50,muni,,2020,https://nlftp.mlit.go.jp/ksj/gml/data/A50/A50-20/A50-20_code_pref_GML.zip,A50-20_code_pref_GML.zip,,,,https://nlftp.mlit.go.jp/ksj/gml/datalist/KsjTmplt-A50-v1_0.html,A50_006,1 2 3,立地適正化計画区域 居住誘導区域 都市機能誘導区域,#E2FFE3 #99CDFD #F87E88,,,UTF-8,,6668
【地価】,,,,,,,,,,,,,,,,,,,,
地価公示,yes,L01,,,2022,https://nlftp.mlit.go.jp/ksj/gml/data/L01/L01-22/L01-22_code_pref_GML.zip,L01-22_code_pref_GML.zip,L01-22_code_pref.shp,L01-22_code_pref.geojson,L01-22_code_pref_GML,https://nlftp.mlit.go.jp/ksj/gml/datalist/KsjTmplt-L01-v3_1.html,L01_006,,,,L01_022,code_pref_muni,CP932,L01.qml,4612
都道府県地価調査,yes,L02,,,2022,https://nlftp.mlit.go.jp/ksj/gml/data/L02/L02-22/L02-22_code_pref_GML.zip,L02-22_code_pref_GML.zip,L02-22_code_pref.shp,L02-22_code_pref.geojson,L02-22_code_pref_GML,https://nlftp.mlit.go.jp/ksj/gml/datalist/KsjTmplt-L02-v3_0.html,L02_006,,,,L02_020,code_pref_muni,CP932,L02.qml,4612
2. 政策区域 ,,,,,,,,,,,,,,,,,,,,
【行政地域】,,,,,,,,,,,,,,,,,,,,
行政区域,yes,N03,,,2024,https://nlftp.mlit.go.jp/ksj/gml/data/N03/N03-2024/N03-20240101_code_pref_GML.zip,N03-20240101_code_pref_GML.zip,N03-20240101_code_pref.shp,,N03-20240101_code_pref_GML,https://nlftp.mlit.go.jp/ksj/gml/datalist/KsjTmplt-N03-2024.html,,,,,N03_007,code_pref_muni,CP932,,6668
DID人口集中地区,yes,A16,,DID,2015,https://nlftp.mlit.go.jp/ksj/gml/data/A16/A16-15/A16-15_code_pref_GML.zip,A16-15_code_pref_GML.zip,A16-15_code_pref_DID.shp,,A16-15_code_pref_GML,https://nlftp.mlit.go.jp/ksj/gml/datalist/KsjTmplt-A16-2015.html,,,,,,,CP932,,6668
中学校区,yes,A32,,,2021,https://nlftp.mlit.go.jp/ksj/gml/data/A32/A32-21/A32-21_code_pref_GML.zip,A32-21_code_pref_GML.zip,A32-21_code_pref.shp,A32-21_code_pref.geojson,A32-21_code_pref_GML,https://nlftp.mlit.go.jp/ksj/gml/datalist/KsjTmplt-A32-v3_0.html,,,,,A32_001,code_pref_muni,CP932,,6668
小学校区,yes,A27,,,2021,https://nlftp.mlit.go.jp/ksj/gml/data/A27/A27-21/A27-21_code_pref_GML.zip,A27-21_code_pref_GML.zip,A27-21_code_pref.shp,A27-21_code_pref.geojson,A27-21_code_pref_GML,https://nlftp.mlit.go.jp/ksj/gml/datalist/KsjTmplt-A27-v3_0.html,,,,,A27_001,code_pref_muni,CP932,,6668
医療圏（一次医療圏）,yes,A38,,,2020,https://nlftp.mlit.go.jp/ksj/gml/data/A38/A38-20/A38-20_code_pref_GML.zip,A38-20_code_pref_GML.zip,A38-20_code_pref_1.shp,,A38-20_code_pref_GML,https://nlftp.mlit.go.jp/ksj/gml/datalist/KsjTmplt-A38-2020.html,,,,,,,CP932,,6668
医療圏（二次医療圏）,yes,A38,,,2020,https://nlftp.mlit.go.jp/ksj/gml/data/A38/A38-20/A38-20_code_pref_GML.zip,A38-20_code_pref_GML.zip,A38-20_code_pref_2.shp,,A38-20_code_pref_GML,https://nlftp.mlit.go.jp/ksj/gml/datalist/KsjTmplt-A38-2020.html,,,,,,,CP932,,6668
医療圏（三次医療圏）,yes,A38,,,2020,https://nlftp.mlit.go.jp/ksj/gml/data/A38/A38-20/A38-20_code_pref_GML.zip,A38-20_code_pref_GML.zip,A38-20_code_pref_3.shp,,A38-20_code_pref_GML,https://nlftp.mlit.go.jp/ksj/gml/datalist/KsjTmplt-A38-2020.html,,,,,,,CP932,,6668
景観計画区域（面）,yes,A35a,,,2014,https://nlftp.mlit.go.jp/ksj/gml/data/A35a/A35a-14/A35a-14_code_pref_GML.zip,A35a-14_code_pref_GML.zip,A35a-14_code_pref.shp,,A35a-14_code_pref_GML,https://nlftp.mlit.go.jp/ksj/gml/datalist/KsjTmplt-A35a.html,,,,,,,CP932,,6668
景観計画区域（点）,yes,A35a,,,2014,https://nlftp.mlit.go.jp/ksj/gml/data/A35a/A35a-14/A35a-14_code_pref_GML.zip,A35a-14_code_pref_GML.zip,A35b-14_code_pref.shp,,A35a-14_code_pref_GML,https://nlftp.mlit.go.jp/ksj/gml/datalist/KsjTmplt-A35a.html,,,,,,,CP932,,6668
景観計画区域（景観重点地区）,yes,A35a,,,2014,https://nlftp.mlit.go.jp/ksj/gml/data/A35a/A35a-14/A35a-14_code_pref_GML.zip,A35a-14_code_pref_GML.zip,A35c-14_code_pref.shp,,A35a-14_code_pref_GML,https://nlftp.mlit.go.jp/ksj/gml/datalist/KsjTmplt-A35a.html,,,,,,,CP932,,6668
景観地区・準景観地区（面）,yes,A35b,,,2014,https://nlftp.mlit.go.jp/ksj/gml/data/A35b/A35b-14/A35b-14_code_pref_GML.zip,A35b-14_code_pref_GML.zip,A35d-14_code_pref.shp,,A35b-14_code_pref_GML,https://nlftp.mlit.go.jp/ksj/gml/datalist/KsjTmplt-A35b.html,,,,,,,CP932,,6668
景観地区・準景観地区（点）,yes,A35b,,,2014,https://nlftp.mlit.go.jp/ksj/gml/data/A35b/A35b-14/A35b-14_code_pref_GML.zip,A35b-14_code_pref_GML.zip,A35e-14_code_pref.shp,,A35b-14_code_pref_GML,https://nlftp.mlit.go.jp/ksj/gml/datalist/KsjTmplt-A35b.html,,,,,,,CP932,,6668
景観地区・準景観地区（ゾーン）,yes,A35b,,,2014,https://nlftp.mlit.go.jp/ksj/gml/data/A35b/A35b-14/A35b-14_code_pref_GML.zip,A35b-14_code_pref_GML.zip,A35d-14_code_pref.shp,,A35b-14_code_pref_GML,https://nlftp.mlit.go.jp/ksj/gml/datalist/KsjTmplt-A35b.html,,,,,,,CP932,,6668
景観重要建造物,yes,A35c,,,2014,https://nlftp.mlit.go.jp/ksj/gml/data/A35c/A35c-14/A35c-14_code_pref_GML.zip,A35c-14_code_pref_GML.zip,A35g-14_code_pref.shp,,A35c-14_code_pref_GML,https://nlftp.mlit.go.jp/ksj/gml/datalist/KsjTmplt-A35c.html,,,,,,,CP932,,6668
景観重要樹木,yes,A35c,,,2014,https://nlftp.mlit.go.jp/ksj/gml/data/A35c/A35c-14/A35c-14_code_pref_GML.zip,A35c-14_code_pref_GML.zip,A35h-14_code_pref.shp,,A35c-14_code_pref_GML,https://nlftp.mlit.go.jp/ksj/gml/datalist/KsjTmplt-A35c.html,,,,,,,CP932,,6668
歴史的風土保存区域,yes,A42,single,Preservation Area of Historic Landscape,2018,https://nlftp.mlit.go.jp/ksj/gml/data/A42/A42-18/A42-18_GML.zip,A42-18_GML.zip,A42-18_Preservation_Area_of_Historic_Landscape.shp,,A42-18_GML,https://nlftp.mlit.go.jp/ksj/gml/datalist/KsjTmplt-A42.html,,,,,,,CP932,,6668
歴史的風土保存区域,yes,A42,single,Special Preservation Area of Historic Landscape,2018,https://nlftp.mlit.go.jp/ksj/gml/data/A42/A42-18/A42-18_GML.zip,A42-18_GML.zip,A42-18_Spacial_Preservation_Area_of_Historic_Landscape.shp,,A42-18_GML,https://nlftp.mlit.go.jp/ksj/gml/datalist/KsjTmplt-A42.html,,,,,,,CP932,,6668
歴史的風土特別保存地区,yes,A43,single,Preservation District of Historic Buildings,2018,https://nlftp.mlit.go.jp/ksj/gml/data/A43/A43-18/A43-18_GML.zip,A43-18_GML.zip,A43-18_Preservation_District_of_Historic_Buildings.shp,A43-18_ Preservation_District_of_Historic_Buildings.geojson,,https://nlftp.mlit.go.jp/ksj/gml/datalist/KsjTmplt-A43.html,,,,,A43_003,code_pref_muni,CP932,,6668
歴史的風致維持向上計画の重点地区,yes,A44,single,Priority Area of Plan for the Maintenance and Improvement of Historical Scenic Beauty,2018,https://nlftp.mlit.go.jp/ksj/gml/data/A44/A44-18/A44-18_GML.zip,A44-18_GML.zip,A44-18_Priority_Area_of_Plan_for_the_Maintenance_and_Improvement_of_Historical_Scenic_Beauty.shp,A44-18_ Priority_Area_of_Plan_for_the_Maintenance_and_Improvement_of_Historical_Scenic_Beauty.geojson,,https://nlftp.mlit.go.jp/ksj/gml/datalist/KsjTmplt-A44.html,,,,,A44_003,code_pref_muni,CP932,,6668
【大都市圏・条件不利地域】,,,,,,,,,,,,,,,,,,,,
三大都市圏計画区域（ポリゴン）,,A03,三大都市圏,,,,,,,,,,,,,,,,,
過疎地域,yes,A17,,,2017,https://nlftp.mlit.go.jp/ksj/gml/data/A17/A17-17/A17-17_code_pref_GML.zip,A17-17_code_pref_GML.zip,A17-17_code_pref.shp,,A17-17_code_pref_GML,https://nlftp.mlit.go.jp/ksj/gml/datalist/KsjTmplt-A17-2017.html,,,,,,,CP932,,6668
振興山村,yes,A24,,,2016,https://nlftp.mlit.go.jp/ksj/gml/data/A24/A24-16/A24-16_code_pref_GML.zip,A24-16_code_pref_GML.zip,A24-16_code_pref.shp,,A24-16_code_pref_GML,https://nlftp.mlit.go.jp/ksj/gml/datalist/KsjTmplt-A24-2016.html,,,,,,,CP932,,6668
特定農山村地域,yes,A25,,,2016,https://nlftp.mlit.go.jp/ksj/gml/data/A25/A25-16/A25-16_code_pref_GML.zip,A25-16_code_pref_GML.zip,A25-16_code_pref.shp,,A25-16_code_pref_GML,https://nlftp.mlit.go.jp/ksj/gml/datalist/KsjTmplt-A25-2016.html,,,,,,,CP932,,6668
離島振興対策実施地域（ポリゴン）,,A19,,,,,,,,,,,,,,,,,,
離島振興対策実施地域統計情報（ポリゴン）,,A19s,,,,,,,,,,,,,,,,,,
小笠原諸島（ポリゴン）,,A21,,,,,,,,,,,,,,,,,,
小笠原諸島統計情報（ポリゴン）,,A21s,,,,,,,,,,,,,,,,,,
奄美群島（ポリゴン）,,A20,,,,,,,,,,,,,,,,,,
奄美群島統計情報（ポリゴン）,,A20s,,,,,,,,,,,,,,,,,,
半島振興対策実施地域（ポリゴン）,,A18,,,,,,,,,,,,,,,,,,
半島振興対策実施地域統計情報（ポリゴン）,,A18s-a,,,,,,,,,,,,,,,,,,
半島循環道路（ポリゴン）（ライン）,,A37,,,,,,,,,,,,,,,,,,
豪雪地帯,yes,A22,,,2016,https://nlftp.mlit.go.jp/ksj/gml/data/A22/A22-16/A22-16_code_pref_GML.zip,A22-16_code_pref_GML.zip,A22-16_code_pref.shp,,A22-16_code_pref_GML,https://nlftp.mlit.go.jp/ksj/gml/datalist/KsjTmplt-A22-2016.html,,,,,,,CP932,,6668
豪雪地帯（気象データ）（ポリゴン）（ポイント）,,A22-m,,,,,,,,,,,,,,,,,,
豪雪地帯統計情報（ポリゴン）,,A22s,,,,,,,,,,,,,,,,,,
特殊土壌地帯,,A23,,,2016,https://nlftp.mlit.go.jp/ksj/gml/data/A23/A23-16/A23-16_code_pref_GML.zip,A23-16_code_pref_GML.zip,A23-16_code_pref.shp,,A23-16_code_pref_GML,https://nlftp.mlit.go.jp/ksj/gml/datalist/KsjTmplt-A23-2016.html,,,,,,,CP932,,6668
密集市街地,,A39,single,,2015,https://nlftp.mlit.go.jp/ksj/gml/data/A39/A39-15/A39-15_GML.zip,A39-15_GML.zip,A39-15.shp,,A39-15_GML,https://nlftp.mlit.go.jp/ksj/gml/datalist/KsjTmplt-A39-2015.html,,,,,,,CP932,,6668
【災害・防災】,,,,,,,,,,,,,,,,,,,,
洪水浸水想定区域（1次メッシュ）,,A31,mesh,,,,,,,,,,,,,,,,,
避難施設,yes,P20,,,2012,https://nlftp.mlit.go.jp/ksj/gml/data/P20/P20-12/P20-12_code_pref_GML.zip,P20-12_code_pref_GML.zip,P20-12_code_pref.shp,,P20-12_code_pref_GML,https://nlftp.mlit.go.jp/ksj/gml/datalist/KsjTmplt-P20.html,,,,,,,CP932,,4612
洪水浸水想定区域（河川単位：ポリゴン）,yes,A31a,river,,2021,https://nlftp.mlit.go.jp/ksj/gml/data/A31/A31-21/A31-21_code_pref_GML.zip,A31-21_code_pref_GML.zip,NA,,A31-21_code_pref_GML,https://nlftp.mlit.go.jp/ksj/gml/datalist/KsjTmplt-A31a-2022.html,,,,,,,CP932,,6668
平年値（気候）メッシュ,,G02,mesh,,,,,,,,,,,,,,,,,
竜巻等の突風（ポイント）,,A30b,,,,,,,,,,,,,,,,,,
土砂災害・雪崩メッシュ,,A30a5,mesh,,,,,,,,,,,,,,,,,
土砂災害警戒区域（ポリゴン）（ライン）,,A33,,,,,,,,,,,,,,,,,,
地すべり防止区域（ポリゴン）,,A46,,,,,,,,,,,,,,,,,,
急傾斜地崩壊危険区域（ポリゴン）,,A47,,,,,,,,,,,,,,,,,,
津波浸水想定（ポリゴン）,,A40,,,,,,,,,,,,,,,,,,
高潮浸水想定区域（ポリゴン）,,A49,,,,,,,,,,,,,,,,,,
災害危険区域,yes,A48,,,2021,https://nlftp.mlit.go.jp/ksj/gml/data/A48/A48-21/A48-21_code_pref_GML.zip,A48-21_code_pref_GML.zip,A48-21_code_pref.shp,A48-21_code_pref.geojson,A48-21_code_pref_GML,https://nlftp.mlit.go.jp/ksj/gml/datalist/KsjTmplt-A48-v1_2.html,A48_007,1 2 3 4 5 6 7,水害（河川） 水害（海） 水害（河川・海） 急傾斜地崩壊等 地すべり等 火山被害 その他,#16A085 #D1F2EB #1F618D #229954 #BA4A00 #E74C3C #808B96,,,CP932,,6668
3. 地域,,,,,,,,,,,,,,,,,,,,
【施設】,,,,,,,,,,,,,,,,,,,,
国・都道府県の機関,yes,P28,,,2022,https://nlftp.mlit.go.jp/ksj/gml/data/P28/P28-22/P28-22_code_pref.zip,P28-22_code_pref.zip,P28-22_code_pref.shp,,P28-22_code_pref,https://nlftp.mlit.go.jp/ksj/gml/datalist/KsjTmplt-P28-2022.html,,,,,,,CP932,P02.qml,6668
市町村役場等及び公的集会施設,yes,P05,,,2022,https://nlftp.mlit.go.jp/ksj/gml/data/P05/P05-22/P05-22_code_pref_GML.zip,P05-22_code_pref_GML.zip,P05-22_code_pref.shp,,P05-22_code_pref_GML,https://nlftp.mlit.go.jp/ksj/gml/datalist/KsjTmplt-P05-2022.html,,,,,,,CP932,,6668
市区町村役場,yes,P34,,,2014,https://nlftp.mlit.go.jp/ksj/gml/data/P34/P34-14/P34-14_code_pref_GML.zip,P34-14_code_pref_GML.zip,P34-14_code_pref.shp,,P34-14_code_pref_GML,https://nlftp.mlit.go.jp/ksj/gml/datalist/KsjTmplt-P34.html,,,,,,,CP932,,4612
公共施設,yes,P02,,Public Facility,2006,https://nlftp.mlit.go.jp/ksj/gml/data/P02/P02-06/P02-06_code_pref_GML.zip,P02-06_code_pref_GML.zip,P02-06_code_pref-g_PublicFacility.shp,,P02-06_code_pref_GML,https://nlftp.mlit.go.jp/ksj/gml/datalist/KsjTmplt-P02-2006.html,,,,,,,CP932,,4612
警察署,yes,P18,,Police Station,2012,https://nlftp.mlit.go.jp/ksj/gml/data/P18/P18-12/P18-12_code_pref_GML.zip,P18-12_code_pref_GML.zip,P18-12_code_pref_PoliceStation.shp,,P18-12_code_pref_GML,https://nlftp.mlit.go.jp/ksj/gml/datalist/KsjTmplt-P18.html,,,,,,,CP932,,4612
警察署管轄範囲,yes,P18,,Police Station Jurisdiction,2012,https://nlftp.mlit.go.jp/ksj/gml/data/P18/P18-12/P18-12_code_pref_GML.zip,P18-12_code_pref_GML.zip,P18-12_code_pref_PoliceStationJurisdiction.shp,,P18-12_code_pref_GML,https://nlftp.mlit.go.jp/ksj/gml/datalist/KsjTmplt-P18.html,,,,,,,CP932,,4612
消防署,yes,P17,,Fire Station,2012,https://nlftp.mlit.go.jp/ksj/gml/data/P17/P17-12/P17-12_code_pref_GML.zip,P17-12_code_pref_GML.zip,P17-12_code_pref_FireStation.shp,,P17-12_code_pref_GML,https://nlftp.mlit.go.jp/ksj/gml/datalist/KsjTmplt-P17.html,,,,,,,CP932,,4612
消防署管轄範囲,yes,P17,,Fire Station Jurisdiction,2012,https://nlftp.mlit.go.jp/ksj/gml/data/P17/P17-12/P17-12_code_pref_GML.zip,P17-12_code_pref_GML.zip,P17-12_code_pref_FireStationJurisdiction.shp,,P17-12_code_pref_GML,https://nlftp.mlit.go.jp/ksj/gml/datalist/KsjTmplt-P17.html,,,,,,,CP932,,4612
郵便局,yes,P30,,Postal Office,2013,https://nlftp.mlit.go.jp/ksj/gml/data/P30/P30-13/P30-13_code_pref.zip,P30-13_code_pref.zip,P30-13_code_pref.shp,,P30-13_code_pref,https://nlftp.mlit.go.jp/ksj/gml/datalist/KsjTmplt-P30.html,,,,,,,CP932,,4612
医療機関,yes,P04,,,2020,https://nlftp.mlit.go.jp/ksj/gml/data/P04/P04-20/P04-20_code_pref_GML.zip,P04-20_code_pref_GML.zip,P04-20_code_pref.shp,P04-20_code_pref.geojson,P04-20_code_pref_GML,https://nlftp.mlit.go.jp/ksj/gml/datalist/KsjTmplt-P04-v3_0.html,,,,,,,CP932,P04.qml,6668
福祉施設,yes,P14,,Welfare Facility,2021,https://nlftp.mlit.go.jp/ksj/gml/data/P14/P14-21/P14-21_code_pref_GML.zip,P14-21_code_pref_GML.zip,P14-21_code_pref.shp,P14-21_code_pref.geojson,SHP,https://nlftp.mlit.go.jp/ksj/gml/datalist/KsjTmplt-P14-v2_1.html,P14_005,01 02 03 04 05 06 99,保護施設 老人福祉施設 障害者支援施設等 身体障害者社会参加支援施設 児童福祉施設等 母子・父子福祉施設 その他の社会福祉施設等,#1B9E77 #D95F02 #7570B3 #E7298A #66A61E #E6AB02 #A6761D,P14_002,name_muni,CP932,,6668
文化施設,yes,P27,,,2013,https://nlftp.mlit.go.jp/ksj/gml/data/P27/P27-13/P27-13_code_pref.zip,P27-13_code_pref.zip,P27-13_code_pref.shp,,P27-13_code_pref,https://nlftp.mlit.go.jp/ksj/gml/datalist/KsjTmplt-P27.html,,,,,,,CP932,,4612
学校,yes,P29,,School,2021,https://nlftp.mlit.go.jp/ksj/gml/data/P29/P29-21/P29-21_code_pref_GML.zip,P29-21_code_pref_GML.zip,P29-21_code_pref.shp,P29-21_code_pref.geojson,P29-21_code_pref_GML,https://nlftp.mlit.go.jp/ksj/gml/datalist/KsjTmplt-P29-2021.html,,,,,P29_001,code_pref_muni,CP932,P29.qml,6668
都市公園,yes,P13,,,2011,https://nlftp.mlit.go.jp/ksj/gml/data/P13/P13-11/P13-11_code_pref_GML.zip,P13-11_code_pref_GML.zip,P13-11_code_pref.shp,,P13-11_code_pref_GML,https://nlftp.mlit.go.jp/ksj/gml/datalist/KsjTmplt-P13.html,,,,,,,CP932,,4612
上水道関連施設（浄水場）,yes,P21,,,2012,https://nlftp.mlit.go.jp/ksj/gml/data/P21/P21-12/P21-12_code_pref_GML.zip,P21-12_code_pref_GML.zip,P21-12b_code_pref.shp,,21-12_code_pref_GML,https://nlftp.mlit.go.jp/ksj/gml/datalist/KsjTmplt-P21.html,,,,,,,CP932,,4612
上水道関連施設（給水区域）,yes,P21,,,2012,https://nlftp.mlit.go.jp/ksj/gml/data/P21/P21-12/P21-12_code_pref_GML.zip,P21-12_code_pref_GML.zip,P21-12a_code_pref.shp,,21-12_code_pref_GML,https://nlftp.mlit.go.jp/ksj/gml/datalist/KsjTmplt-P21.html,,,,,,,CP932,,4612
下水道関連施設,yes,P22,,,2012,https://nlftp.mlit.go.jp/ksj/gml/data/P22/P22-12/P22-12_code_pref_GML.zip,P22-12_code_pref_GML.zip,P22-12_code_pref.shp,,P22-12_code_pref_GML,https://nlftp.mlit.go.jp/ksj/gml/datalist/KsjTmplt-P22.html,,,,,,,CP932,,4612
廃棄物処理施設（一般廃棄物処理施設）,yes,P15,,General Waste Disposal Facilities,2012,https://nlftp.mlit.go.jp/ksj/gml/data/P15/P15-12/P15-12_code_pref_GML.zip,P15-12_code_pref_GML.zip,P15-12_code_pref_GeneralWasteDisposalFacilities.shp,,P15-12_code_pref_GML,https://nlftp.mlit.go.jp/ksj/gml/datalist/KsjTmplt-P15.html,,,,,,,CP932,,4612
廃棄物処理施設（産業廃棄物処理施設）,yes,P15,,Industrial Disposal Facilities,2012,https://nlftp.mlit.go.jp/ksj/gml/data/P15/P15-12/P15-12_code_pref_GML.zip,P15-12_code_pref_GML.zip,P15-12_code_pref_IndustrialWasteDisposalFacilities.shp,,P15-12_code_pref_GML,https://nlftp.mlit.go.jp/ksj/gml/datalist/KsjTmplt-P15.html,,,,,,,CP932,,4612
発電施設（一般水力発電施設）,yes,P03,single,General Hydroelectric Power Plant,2013,https://nlftp.mlit.go.jp/ksj/gml/data/P03/P03-13/P03-13.zip,P03-13.zip,SHP/一般水力発電施設/P03-13-g_GeneralHydroelectricPowerPlant.shp,,P03-13,https://nlftp.mlit.go.jp/ksj/gml/datalist/KsjTmplt-P03.html,,,,,,,CP932,,4612
発電施設（揚水式発電施設）,yes,P03,single,Pumed Storage Hydroelectric Plant,2013,https://nlftp.mlit.go.jp/ksj/gml/data/P03/P03-13/P03-13.zip,P03-13.zip,SHP/揚水式発電施設/P03-13-g_PumpedStorageHydroelectricPlant.shp,,P03-13,https://nlftp.mlit.go.jp/ksj/gml/datalist/KsjTmplt-P03.html,,,,,,,CP932,,4612
発電施設（揚水式発電施設池情報）,yes,P03,single,Pond Information,2013,https://nlftp.mlit.go.jp/ksj/gml/data/P03/P03-13/P03-13.zip,P03-13.zip,SHP/揚水式発電施設/P03-13-g_PondInformation.shp,,P03-13,https://nlftp.mlit.go.jp/ksj/gml/datalist/KsjTmplt-P03.html,,,,,,,CP932,,4612
発電施設（火力発電施設）,yes,P03,single,Thermal Power Plant,2013,https://nlftp.mlit.go.jp/ksj/gml/data/P03/P03-13/P03-13.zip,P03-13.zip,SHP/火力発電施設/P03-13-g_ThermalPowerPlant.shp,,P03-13,https://nlftp.mlit.go.jp/ksj/gml/datalist/KsjTmplt-P03.html,,,,,,,CP932,,4612
発電施設（地熱発電施設）,yes,P03,single,Geothermal Power Plant,2013,https://nlftp.mlit.go.jp/ksj/gml/data/P03/P03-13/P03-13.zip,P03-13.zip,SHP/地熱発電施設/P03-13-g_GeothermalPowerPlant.shp,,P03-13,https://nlftp.mlit.go.jp/ksj/gml/datalist/KsjTmplt-P03.html,,,,,,,CP932,,4612
発電施設（原子力発電施設）,yes,P03,single,Nuclear Power Plant,2013,https://nlftp.mlit.go.jp/ksj/gml/data/P03/P03-13/P03-13.zip,P03-13.zip,SHP/原子力発電施設/P03-13-g_NuclearPowerPlant.shp,,P03-13,https://nlftp.mlit.go.jp/ksj/gml/datalist/KsjTmplt-P03.html,,,,,,,CP932,,4612
発電施設（風力発電施設）,yes,P03,single,Wind Power Plant,2013,https://nlftp.mlit.go.jp/ksj/gml/data/P03/P03-13/P03-13.zip,P03-13.zip,SHP/風力発電施設/P03-13-g_WindPowerPlant.shp,,P03-13,https://nlftp.mlit.go.jp/ksj/gml/datalist/KsjTmplt-P03.html,,,,,,,CP932,,4612
発電施設（太陽光発電施設）,yes,P03,single,Photovoltaic Power Plant,2013,https://nlftp.mlit.go.jp/ksj/gml/data/P03/P03-13/P03-13.zip,P03-13.zip,SHP/太陽光発電施設/P03-13-g_PhotovoltaicPowerPlant.shp,,P03-13,https://nlftp.mlit.go.jp/ksj/gml/datalist/KsjTmplt-P03.html,,,,,,,CP932,,4612
発電施設（バイオマス発電施設）,yes,P03,single,Biomass Power Station,2013,https://nlftp.mlit.go.jp/ksj/gml/data/P03/P03-13/P03-13.zip,P03-13.zip,SHP/バイオマス発電施設/P03-13-g_BiomassPowerStation.shp,,P03-13,https://nlftp.mlit.go.jp/ksj/gml/datalist/KsjTmplt-P03.html,,,,,,,CP932,,4612
発電施設（複合型発電施設）,yes,P03,single,Power Plant Complex,2013,https://nlftp.mlit.go.jp/ksj/gml/data/P03/P03-13/P03-13.zip,P03-13.zip,SHP/複合型発電施設/P03-13-g_PowerPlantComplex.shp,,P03-13,https://nlftp.mlit.go.jp/ksj/gml/datalist/KsjTmplt-P03.html,,,,,,,CP932,,4612
燃料給油所,yes,P07,,,2015,https://nlftp.mlit.go.jp/ksj/gml/data/P07/P07-15/P07-15_code_pref_GML.zip,P07-15_code_pref_GML.zip,P07-15_code_pref.shp,,P07-15_code_pref_GML,https://nlftp.mlit.go.jp/ksj/gml/datalist/KsjTmplt-P07-2016.html,,,,,,,CP932,,6668
ニュータウン,yes,P26,,,2013,https://nlftp.mlit.go.jp/ksj/gml/data/P26/P26-13/P26-13_code_pref.zip,P26-13_code_pref.zip,P26-13_code_pref.shp,,P26-13_code_pref,https://nlftp.mlit.go.jp/ksj/gml/datalist/KsjTmplt-P26.html,,,,,,,CP932,,4612
工業用地（工業団地）,yes,L05,,Industrial Complex,2009,https://nlftp.mlit.go.jp/ksj/gml/data/L05/L05-09/L05-1-09_code_pref_GML.zip,L05-1-09_code_pref_GML.zip,L05-1-09_code_pref-g_IndustrialComplex.shp,,L05-1-09_code_pref_GML,https://nlftp.mlit.go.jp/ksj/gml/datalist/KsjTmplt-L05.html,,,,,,,CP932,,4612
工業用地（単独工場用地）,yes,L05,,Isolated Industrial Site,2009,https://nlftp.mlit.go.jp/ksj/gml/data/L05/L05-09/L05-2-09_code_pref_GML.zip,L05-2-09_code_pref_GML.zip,L05-2-09_code_pref-g_IsolatedIndustrialSite.shp,,L05-2-09_code_pref_GML,https://nlftp.mlit.go.jp/ksj/gml/datalist/KsjTmplt-L05.html,,,,,,,CP932,,4612
研究機関,yes,P16,,,2012,https://nlftp.mlit.go.jp/ksj/gml/data/P16/P16-12/P16-12_code_pref_GML.zip,P16-12_code_pref_GML.zip,P16-12_code_pref.shp,,P16-12_code_pref_GML,https://nlftp.mlit.go.jp/ksj/gml/datalist/KsjTmplt-P16.html,,,,,,,CP932,,4612
地場産業関連施設,yes,P24,single,,2012,https://nlftp.mlit.go.jp/ksj/gml/data/P24/P24-12/P24-12_GML.zip,P24-12_GML.zip,P24-12.shp,,P24-12_GML,https://nlftp.mlit.go.jp/ksj/gml/datalist/KsjTmplt-P24.html,,,,,,,CP932,,4612
物流拠点,yes,P31,,,2013,https://nlftp.mlit.go.jp/ksj/gml/data/P31/P31-13/P31-13_code_pref.zip,P31-13_code_pref.zip,P31-13_code_pref_e.shp,,P31-13_code_pref,https://nlftp.mlit.go.jp/ksj/gml/datalist/KsjTmplt-P31.html,,,,,,,CP932,,4612
集客施設,yes,P33,,,2014,https://nlftp.mlit.go.jp/ksj/gml/data/P33/P33-14/P33-14_code_pref_GML.zip,P33-14_code_pref_GML.zip,P33-14_code_pref.shp,,P33-14_code_pref_GML,https://nlftp.mlit.go.jp/ksj/gml/datalist/KsjTmplt-P33.html,,,,,,,CP932,,4612
道の駅,yes,P35,single,Roadside Station,2018,https://nlftp.mlit.go.jp/ksj/gml/data/P35/P35-18/P35-18_GML.zip,P35-18_GML.zip,P35-18_Roadside_Station.shp,,P35-18_GML,https://nlftp.mlit.go.jp/ksj/gml/datalist/KsjTmplt-P35.html,,,,,,,CP932,,6668
【地域資源・観光】,,,,,,,,,,,,,,,,,,,,
都道府県指定文化財（ポイント）,yes,P32,,,2014,https://nlftp.mlit.go.jp/ksj/gml/data/P32/P32-14/P32-14_code_pref_GML.zip,P32-14_code_pref_GML.zip,P32-14_code_pref.shp,,P32-14_code_pref_GML,https://nlftp.mlit.go.jp/ksj/gml/datalist/KsjTmplt-P32.html,,,,,,,CP932,,4612
世界文化遺産（ポリゴン）,yes,A34,single,,2022,https://nlftp.mlit.go.jp/ksj/gml/data/A34/A34-22/A34-230328_GML.zip,A34-230328_GML.zip,A34a-230328.shp,,A34-230328_GML,https://nlftp.mlit.go.jp/ksj/gml/datalist/KsjTmplt-A34-2022.html,,,,,,,CP932,,6668
世界文化遺産（ポリゴン代表点）,yes,A34,single,,2022,https://nlftp.mlit.go.jp/ksj/gml/data/A34/A34-22/A34-230328_GML.zip,A34-230328_GML.zip,A34b-230328.shp,,A34-230328_GML,https://nlftp.mlit.go.jp/ksj/gml/datalist/KsjTmplt-A34-2022.html,,,,,,,CP932,,6668
世界文化遺産（ライン）,yes,A34,single,,2022,https://nlftp.mlit.go.jp/ksj/gml/data/A34/A34-22/A34-230328_GML.zip,A34-230328_GML.zip,A34c-230328.shp,,A34-230328_GML,https://nlftp.mlit.go.jp/ksj/gml/datalist/KsjTmplt-A34-2022.html,,,,,,,CP932,,6668
世界文化遺産（ライン代表点）,yes,A34,single,,2022,https://nlftp.mlit.go.jp/ksj/gml/data/A34/A34-22/A34-230328_GML.zip,A34-230328_GML.zip,A34d-230328.shp,,A34-230328_GML,https://nlftp.mlit.go.jp/ksj/gml/datalist/KsjTmplt-A34-2022.html,,,,,,,CP932,,6668
世界文化遺産（e）,yes,A34,single,,2022,https://nlftp.mlit.go.jp/ksj/gml/data/A34/A34-22/A34-230328_GML.zip,A34-230328_GML.zip,A34e-230328.shp,,A34-230328_GML,https://nlftp.mlit.go.jp/ksj/gml/datalist/KsjTmplt-A34-2022.html,,,,,,,CP932,,6668
世界文化遺産（緩衝地帯）,yes,A34,single,,2022,https://nlftp.mlit.go.jp/ksj/gml/data/A34/A34-22/A34-230328_GML.zip,A34-230328_GML.zip,A34f-230328.shp,,A34-230328_GML,https://nlftp.mlit.go.jp/ksj/gml/datalist/KsjTmplt-A34-2022.html,,,,,,,CP932,,6668
世界文化遺産（緩衝地帯代表点）,yes,A34,single,,2022,https://nlftp.mlit.go.jp/ksj/gml/data/A34/A34-22/A34-230328_GML.zip,A34-230328_GML.zip,A34g-230328.shp,,A34-230328_GML,https://nlftp.mlit.go.jp/ksj/gml/datalist/KsjTmplt-A34-2022.html,,,,,,,CP932,,6668
世界自然遺産,yes,A28,single,World Natural Heritage,2022,https://nlftp.mlit.go.jp/ksj/gml/data/A28/A28-22/A28-22_GML.zip,A28-22_GML.zip,A28-22_WorldNaturalHeritage.shp,,A28-22_GML,https://nlftp.mlit.go.jp/ksj/gml/datalist/KsjTmplt-A28.html,,,,,,,CP932,,4612
観光資源（点）,yes,P12,,,2014,https://nlftp.mlit.go.jp/ksj/gml/data/P12/P12-14/P12-14_code_pref_GML.zip,P12-14_code_pref_GML.zip,P12a-14_code_pref.shp,,P12-14_code_pref_GML,https://nlftp.mlit.go.jp/ksj/gml/datalist/KsjTmplt-P12-2014.html,,,,,,,CP932,,6668
観光資源（線）,yes,P12,,,2014,https://nlftp.mlit.go.jp/ksj/gml/data/P12/P12-14/P12-14_code_pref_GML.zip,P12-14_code_pref_GML.zip,P12b-14_code_pref.shp,,P12-14_code_pref_GML,https://nlftp.mlit.go.jp/ksj/gml/datalist/KsjTmplt-P12-2014.html,,,,,,,CP932,,6668
観光資源（面）,yes,P12,,,2014,https://nlftp.mlit.go.jp/ksj/gml/data/P12/P12-14/P12-14_code_pref_GML.zip,P12-14_code_pref_GML.zip,P12c-14_code_pref.shp,,P12-14_code_pref_GML,https://nlftp.mlit.go.jp/ksj/gml/datalist/KsjTmplt-P12-2014.html,,,,,,,CP932,,6668
宿泊容量メッシュ,,P09,mesh,,,,,,,,,,,,,,,,,
地域資源,yes,P19,,,2012,https://nlftp.mlit.go.jp/ksj/gml/data/P19/P19-12/P19-12_code_pref_GML.zip,P19-12_code_pref_GML.zip,,,P19-12_code_pref_GML,https://nlftp.mlit.go.jp/ksj/gml/datalist/KsjTmplt-P19.html,,,,,,,CP932,,4612
【保護保全】,,,,,,,,,,,,,,,,,,,,
自然公園地域（自然公園地域）,yes,A10,,,2015,https://nlftp.mlit.go.jp/ksj/gml/data/A10/A10-15/A10-15_code_pref_GML.zip,A10-15_code_pref_GML.zip,a001code_pref0020160211.shp,,A10-15_code_pref_GML,https://nlftp.mlit.go.jp/ksj/gml/datalist/KsjTmplt-A10-2015.html,,,,,,,CP932,A10-11.qml,4612
自然公園地域（特別地域）,yes,A10,,,2015,https://nlftp.mlit.go.jp/ksj/gml/data/A10/A10-15/A10-15_code_pref_GML.zip,A10-15_code_pref_GML.zip,a001code_pref0020160212.shp,,A10-15_code_pref_GML,https://nlftp.mlit.go.jp/ksj/gml/datalist/KsjTmplt-A10-2015.html,,,,,,,CP932,A10-12.qml,4612
自然公園地域（特別保護地区）,yes,A10,,,2015,https://nlftp.mlit.go.jp/ksj/gml/data/A10/A10-15/A10-15_code_pref_GML.zip,A10-15_code_pref_GML.zip,a001code_pref0020160213.shp,,A10-15_code_pref_GML,https://nlftp.mlit.go.jp/ksj/gml/datalist/KsjTmplt-A10-2015.html,,,,,,,CP932,A10-13.qml,4612
自然保全地域（自然保全地域）,yes,A11,,,2015,https://nlftp.mlit.go.jp/ksj/gml/data/A11/A11-15/A11-15_code_pref_GML.zip,A11-15_code_pref_GML.zip,a001code_pref0020160214.shp,,A11-15_code_pref_GML,https://nlftp.mlit.go.jp/ksj/gml/datalist/KsjTmplt-A11.html,,,,,,,CP932,A11-14.qml,4612
自然保全地域（原生自然環境保全地域）,yes,A11,,,2015,https://nlftp.mlit.go.jp/ksj/gml/data/A11/A11-15/A11-15_code_pref_GML.zip,A11-15_code_pref_GML.zip,a001code_pref0020160215.shp,,A11-15_code_pref_GML,https://nlftp.mlit.go.jp/ksj/gml/datalist/KsjTmplt-A11.html,,,,,,,CP932,A11-15.qml,4612
自然保全地域（特別地区）,yes,A11,,,2015,https://nlftp.mlit.go.jp/ksj/gml/data/A11/A11-15/A11-15_code_pref_GML.zip,A11-15_code_pref_GML.zip,a001code_pref0020160216.shp,,A11-15_code_pref_GML,https://nlftp.mlit.go.jp/ksj/gml/datalist/KsjTmplt-A11.html,,,,,,,CP932,A11-16.qml,4612
鳥獣保護区,yes,A15,,Wildlife Preserve,2015,https://nlftp.mlit.go.jp/ksj/gml/data/A15/A15-15/A15-15_code_pref_GML.zip,A15-15_code_pref_GML.zip,A15_15_code_pref_WildlifePreserve.shp,,A15-15_code_pref_GML,https://nlftp.mlit.go.jp/ksj/gml/datalist/KsjTmplt-A15.html,,,,,,,CP932,A15.qml,6668
4. 交通,,,,,,,,,,,,,,,,,,,,
【交通】,,,,,,,,,,,,,,,,,,,,
高速道路時系列（路線区間）,yes,N06,single,,2022,https://nlftp.mlit.go.jp/ksj/gml/data/N06/N06-22/N06-22_GML.zip,N06-22_GML.zip,N06-22_HighwaySection.shp,,N06-22_GML,https://nlftp.mlit.go.jp/ksj/gml/datalist/KsjTmplt-N06-2022.html,,,,,,,CP932,,6668
高速道路時系列（接合部）,yes,N06,single,,2022,https://nlftp.mlit.go.jp/ksj/gml/data/N06/N06-22/N06-22_GML.zip,N06-22_GML.zip,N06-22_Joint.shp,,N06-22_GML,https://nlftp.mlit.go.jp/ksj/gml/datalist/KsjTmplt-N06-2022.html,,,,,,,CP932,,6668
緊急輸送道路,yes,N10,,,2020,https://nlftp.mlit.go.jp/ksj/gml/data/N10/N10-20/N10-20_code_pref_GML.zip,N10-20_code_pref_GML.zip,N10-20_code_pref.shp,,N10-20_code_pref,https://nlftp.mlit.go.jp/ksj/gml/datalist/KsjTmplt-N10-2020.html,,,,,,,CP932,N10.qml,6668
重要物流道路,yes,N12,,,2021,https://nlftp.mlit.go.jp/ksj/gml/data/N12/N12-21/N12-21_code_pref_GML.zip,N12-21_code_pref_GML.zip,Shapefile/N12-21_code_pref.shp,,N12-21_code_pref_GML,https://nlftp.mlit.go.jp/ksj/gml/datalist/KsjTmplt-N12-2021.html,,,,,,,CP932,N12.qml,6668
道路密度・道路延長メッシュ,,N04,,,,,,,,,,,,,,,,,,
バス停留所,yes,P11,,Bus Stop,2022,https://nlftp.mlit.go.jp/ksj/gml/data/P11/P11-22/P11-22_code_pref_SHP.zip,P11-22_code_pref_SHP.zip,,,P11-22_code_pref_SHP,https://nlftp.mlit.go.jp/ksj/gml/datalist/KsjTmplt-P11-2022.html,,,,,,,CP932,P11.qml,6668
バスルート,yes,N07,,Bus Route,2022,https://nlftp.mlit.go.jp/ksj/gml/data/N07/N07-22/N07-22_code_pref_SHP.zip,N07-22_code_pref_SHP.zip,,,N07-22_code_pref_SHP,https://nlftp.mlit.go.jp/ksj/gml/datalist/KsjTmplt-N07-2022.html,,,,,,,CP932,N07.qml,6668
鉄道（駅）,yes,N02,single,Railway (Station),2022,https://nlftp.mlit.go.jp/ksj/gml/data/N02/N02-22/N02-22_GML.zip,N02-22_Station.shp,,,N02-22_GML,https://nlftp.mlit.go.jp/ksj/gml/datalist/KsjTmplt-N02-2022.html,,,,,,,CP932,N02-Station.qml,6668
鉄道（鉄道区間）,yes,N02,single,Railway (Railroad Section),2022,https://nlftp.mlit.go.jp/ksj/gml/data/N02/N02-22/N02-22_GML.zip,N02-22_RailroadSection.shp,,,N02-22_GML,https://nlftp.mlit.go.jp/ksj/gml/datalist/KsjTmplt-N02-2022.html,,,,,,,CP932,N02-RailroadSection.qml,6668
鉄道時系列（ライン）（ポイント）,,N05,,,,,,,,,,,,,,,,,,
駅別乗降客数（ライン）,,S12,,,,,,,,,,,,,,,,,,
交通流動量 駅別乗降数（ポリゴン）（ポイント）,,S05-c,,,,,,,,,,,,,,,,,,
空港（ポリゴン）（ポイント）,,C28,,,,,,,,,,,,,,,,,,
空港時系列（ポリゴン）（ポイント）,,N08,,,,,,,,,,,,,,,,,,
空港間流通量（ライン）,,S10b,,,,,,,,,,,,,,,,,,
ヘリポート（ポイント）,,N11,,,,,,,,,,,,,,,,,,
港湾（ライン）（ポイント）,,C02,,,,,,,,,,,,,,,,,,
漁港（ライン）（ポイント）,,C09,,,,,,,,,,,,,,,,,,
港湾間流通量・海上経路（ライン）,,S10a,,,,,,,,,,,,,,,,,,
定期旅客航路（ライン）（ポイント）,,N09,,,,,,,,,,,,,,,,,,
パーソントリップ・交通変動量,,,,,,,,,,,,,,,,,,,,
発生・集中量（ポリゴン）（ライン）,,S05-a,,,,,,,,,,,,,,,,,,
OD量（ポリゴン）（ライン）,,S05-b,,,,,,,,,,,,,,,,,,
貨物旅客地域流動量（ポリゴン）（ライン）,,S05-d,,,,,,,,,,,,,,,,,,
5. 各種統計,,,,,,,,,,,,,,,,,,,,
1kmメッシュ別将来推計人口（H29国政局推計）（shape形式版）,,mesh1000,,,,,,,,,,,,,,,,,,
500mメッシュ別将来推計人口（H29国政局推計）（shape形式版）,,mesh500,,,,,,,,,,,,,,,,,,
1kmメッシュ別将来推計人口（H30国政局推計）（shape形式版）,,mesh1000h30,,,,,,,,,,,,,,,,,,
500mメッシュ別将来推計人口（H30国政局推計）（shape形式版）,,mesh500h30,,,,,,,,,,,,,,,,,,
