name_j,availability,code_map,type_muni,name_e,year,url,zip,shp,geojson,altdir,source,col,levels,labels,palette,muni_column,muni_type,encoding,qml,epsg,filesize
1. 国土（水・土地）,heading,,,,,,,,,,,,,,,,,,,,
【水域】,heading,,,,,,,,,,,,,,,,,,,,
海岸線,yes,C23,regional,Coastline,2006,https://nlftp.mlit.go.jp/ksj/gml/data/C23/C23-06/C23-06_code_pref_GML.zip,C23-06_code_pref_GML.zip,C23-06_code_pref-g_Coastline.shp,,C23-06_code_pref_GML,https://nlftp.mlit.go.jp/ksj/gml/datalist/KsjTmplt-C23.html,,,,,C23_001,code_pref_muni,CP932,C23.qml,4612,
海岸保全施設（ライン）,yes,P23,,Coastal Facilities (Line),2012,https://nlftp.mlit.go.jp/ksj/gml/data/P23/P23-12/P23-12_13_GML.zip,P23-12_code_pref_GML.zip,P23b-12_code_pref.shp,,P23-12_code_pref_GML,https://nlftp.mlit.go.jp/ksj/gml/datalist/KsjTmplt-P23.html,,,,,P23b_001,code_pref_muni,CP932,P23b.qml,4612,
海岸保全施設（ポイント） ,yes,P23,,Coastal Facilities (Point),2012,https://nlftp.mlit.go.jp/ksj/gml/data/P23/P23-12/P23-12_13_GML.zip,P23-12_code_pref_GML.zip,P23a-12_code_pref.shp,,P23-12_code_pref_GML,https://nlftp.mlit.go.jp/ksj/gml/datalist/KsjTmplt-P23.html,,,,,P23a_001,code_pref_muni,CP932,P23a.qml,4612,
湖沼,yes,W09,single,Lake,2005,https://nlftp.mlit.go.jp/ksj/gml/data/W09/W09-05/W09-05_GML.zip,W09-05_GML.zip,W09-05-g_Lake.shp,,W09-05_GML,https://nlftp.mlit.go.jp/ksj/gml/datalist/KsjTmplt-W09-2005.html,,,,,W09_002,code_pref_muni,CP932,W09.qml,4612,
流域メッシュ ,yes,W07,mesh1,,2009,https://nlftp.mlit.go.jp/ksj/gml/data/W07/W07-09/W07-09_code_mesh1-jgd_GML.zip,W07-09_code_mesh1-jgd_GML.zip,W07-09_code_mesh1-jgd_ValleyMesh.shp,,,https://nlftp.mlit.go.jp/ksj/gml/datalist/KsjTmplt-W07.html,,,,,W07_001 ,code_mesh_detail,CP932,,4612,
ダム,yes,W01,single,Dam,csv,https://nlftp.mlit.go.jp/ksj/gml/data/W01/W01-14/W01-14_GML.zip,W01-14_GML.zip,W01-14-g_Dam.shp,,W01-14_GML,https://nlftp.mlit.go.jp/ksj/gml/datalist/KsjTmplt-W01.html,,,,,,,CP932,W01-2014.qml,6668,
河川（ライン）,yes,W05,regional,River Stream,csv,,,,,,https://nlftp.mlit.go.jp/ksj/gml/datalist/KsjTmplt-W05.html,,,,,,,CP932,W05-Stream.qml,4612,
河川（ポイント）,,W05,,River Node,,,,,,,https://nlftp.mlit.go.jp/ksj/gml/datalist/KsjTmplt-W05.html,,,,,,,CP932,,4612,
【地形】,heading,,,,,,,,,,,,,,,,,,,,
標高・傾斜度3次メッシュ,yes,G04-a,mesh1,,2011,https://nlftp.mlit.go.jp/ksj/gml/data/G04-a/G04-a-11/G04-a-11_code_mesh1-jgd_GML.zip,G04-a-11_code_mesh1-jgd_GML.zip,G04-a-11_code_mesh1-jgd_ElevationAndSlopeAngleTertiaryMesh.shp,,,https://nlftp.mlit.go.jp/ksj/gml/datalist/KsjTmplt-G04-a.html,,,,,G04a_001 ,code_mesh3,CP932,G04-a-2011.qml,4612,
標高・傾斜度4次メッシュ,yes,G04-c,mesh1,,2011,https://nlftp.mlit.go.jp/ksj/gml/data/G04-c/G04-c-11/G04-c-11_code_mesh1-jgd_GML.zip,G04-c-11_code_mesh1-jgd_GML.zip,G04-c-11_code_mesh1-jgd_ElevationAndSlopeAngleFourthMesh.shp,,,https://nlftp.mlit.go.jp/ksj/gml/datalist/KsjTmplt-G04-c.html,,,,,G04c_001 ,code_mesh4,CP932,G04-c-2011.qml,4612,
標高・傾斜度5次メッシュ,yes,G04-d,mesh1,,2011,https://nlftp.mlit.go.jp/ksj/gml/data/G04-d/G04-d-11/G04-d-11_code_mesh1-jgd_GML.zip,G04-d-11_code_mesh1-jgd_GML.zip,G04-d-11_code_mesh1-jgd_ElevationAndSlopeAngleFifthMesh.shp,,,https://nlftp.mlit.go.jp/ksj/gml/datalist/KsjTmplt-G04-d.html,,,,,G04d_001 ,code_mesh5,CP932,G04-d-2011.qml,4612,
低位地帯,yes,G08,,Low Price Area,2015,https://nlftp.mlit.go.jp/ksj/gml/data/G08/G08-15/G08-15_code_pref_GML.zip,G08-15_code_pref_GML.zip,G08-15_code_pref.shp,,G08-15_code_pref_GML,https://nlftp.mlit.go.jp/ksj/gml/datalist/KsjTmplt-G08-2015.html,,,,,,,CP932,G08-2015.qml,6668,
大規模盛土造成地,yes,A54,,Large Scale Fill Slope,2023,https://nlftp.mlit.go.jp/ksj/gml/data/A54/A54-23/A54-23_code_pref_SHP.zip,A54-23_code_pref_SHP.zip,A54-23_code_pref_SHP/A54-23_code_pref.shp,,,https://nlftp.mlit.go.jp/ksj/gml/datalist/KsjTmplt-A54-2023.html,,,,,A54_004,code_muni,UTF-8,A54-2023.qml,6668,
【土地利用】,heading,,,,,,,,,,,,,,,,,,,,
土地利用3次メッシュ,yes,L03-a,mesh1,,csv,,,,,,https://nlftp.mlit.go.jp/ksj/gml/datalist/KsjTmplt-L03-a-2021.html,,,,,,,,,,
土地利用細分メッシュ ,yes,L03-b,mesh1,,csv,,,,,,https://nlftp.mlit.go.jp/ksj/gml/datalist/KsjTmplt-L03-b-2021.html,,,,,,,,,,
土地利用細分メッシュ（ラスタ版）,,L03-b_r,mesh1,,2014,https://nlftp.mlit.go.jp/ksj/gml/data/L03-b_r/L03-b_r-14/L03-b-14_code_mesh1.zip,L03-b-14_code_mesh1.zip,,,,https://nlftp.mlit.go.jp/ksj/gml/datalist/KsjTmplt-L03-b_r.html,,,,,,,,,4612,
都市地域土地利用細分メッシュ,yes,L03-b-u,mesh1,,csv,https://nlftp.mlit.go.jp/ksj/gml/data/L03-b-u/L03-b-u-21/L03-b-u-21_code_mesh1-jgd2011_GML.zip,L03-b-u-21_code_mesh1-jgd2011_GML.zip,L03-b-u-21_code_mesh1.shp,L03-b-u-21_code_mesh1.geojson,,https://nlftp.mlit.go.jp/ksj/gml/datalist/KsjTmplt-L03-b-u-2021.html,,,,,L03b_u_001 ,code_mesh3,CP932,L03-b-u-2021.qml,6668,
土地利用詳細メッシュ,yes,L03-b-c,regional,,csv,https://nlftp.mlit.go.jp/ksj/gml/data/L03-b-c/L03-b-c-21/L03-b-c-21_code_mesh1-jgd2011_GML.zip,L03-b-c-21_code_mesh1-jgd2011_GML.zip,L03-b-c-21_code_mesh1.shp,L03-b-c-21_code_mesh1.geojson,,https://nlftp.mlit.go.jp/ksj/gml/datalist/KsjTmplt-L03-b-c-2021.html,,,,,L03b_c_001 ,code_mesh3,CP932,L03-b-c-2021.qml,6668,
森林地域（森林地域 ）,yes,A13,,Forest Area,2015,https://nlftp.mlit.go.jp/ksj/gml/data/A13/A13-15/A13-15_code_pref_GML.zip,A13-15_code_pref_GML.zip,a001code_pref0020160207.shp,,A13-15_code_pref_GML,https://nlftp.mlit.go.jp/ksj/gml/datalist/KsjTmplt-A13-2015.html,,,,,A23_002,code_pref_muni,CP932,A13-07.qml,4612,
森林地域（国有林 ）,yes,A13,,Forest Area,2015,https://nlftp.mlit.go.jp/ksj/gml/data/A13/A13-15/A13-15_code_pref_GML.zip,A13-15_code_pref_GML.zip,a001code_pref0020160208.shp,,A13-15_code_pref_GML,https://nlftp.mlit.go.jp/ksj/gml/datalist/KsjTmplt-A13-2015.html,,,,,A23_002,code_pref_muni,CP932,A13-08.qml,4612,
森林地域（地域森林計画対象民有林 ）,yes,A13,,Forest Area,2015,https://nlftp.mlit.go.jp/ksj/gml/data/A13/A13-15/A13-15_code_pref_GML.zip,A13-15_code_pref_GML.zip,a001code_pref0020160209.shp,,A13-15_code_pref_GML,https://nlftp.mlit.go.jp/ksj/gml/datalist/KsjTmplt-A13-2015.html,,,,,A23_002,code_pref_muni,CP932,A13-09.qml,4612,
森林地域（保安林 ）,yes,A13,,Forest Area,2015,https://nlftp.mlit.go.jp/ksj/gml/data/A13/A13-15/A13-15_code_pref_GML.zip,A13-15_code_pref_GML.zip,a001code_pref0020160210.shp,,A13-15_code_pref_GML,https://nlftp.mlit.go.jp/ksj/gml/datalist/KsjTmplt-A13-2015.html,,,,,A23_002,code_pref_muni,CP932,A13-10.qml,4612,
国有林野,yes,A45,,,2018,https://nlftp.mlit.go.jp/ksj/gml/data/A45/A45-19/A45-19_code_pref_GML.zip,A45-19_code_pref_GML.zip,A45-19_code_pref.shp,,A45-19_code_pref_GML,https://nlftp.mlit.go.jp/ksj/gml/datalist/KsjTmplt-A45.html,,,,,,,CP932,A45.qml,6668,
農業地域（農業地域）,yes,A12,,Agricultural Area,2015,https://nlftp.mlit.go.jp/ksj/gml/data/A12/A12-15/A12-15_code_pref_GML.zip,A12-15_code_pref_GML.zip,a001code_pref0020160205.shp,,A12-15_code_pref_GML,https://nlftp.mlit.go.jp/ksj/gml/datalist/KsjTmplt-A12.html,,,,,CTV_NAME,name_muni,CP932,A12-05-2015.qml,4612,
農業地域（農用地区域）,yes,A12,,Agricultural Area (area of agricultural land),2015,https://nlftp.mlit.go.jp/ksj/gml/data/A12/A12-15/A12-15_code_pref_GML.zip,A12-15_code_pref_GML.zip,a001code_pref0020160206.shp,,A12-15_code_pref_GML,https://nlftp.mlit.go.jp/ksj/gml/datalist/KsjTmplt-A12.html,,,,,CTV_NAME,name_muni,CP932,A12-06-2015.qml,4612,
【地価】,heading,,,,,,,,,,,,,,,,,,,,
地価公示,yes,L01,regional,Land Price,csv,,,,,,https://nlftp.mlit.go.jp/ksj/gml/datalist/KsjTmplt-L01-2025.html,L01_006,,,,,,,,,
都道府県地価調査,yes,L02,regional,Prefecture Land Price Research,csv,,,,,,https://nlftp.mlit.go.jp/ksj/gml/datalist/KsjTmplt-L02-2024.html,L02_006,,,,,,,,,
2. 政策区域 ,heading,,,,,,,,,,,,,,,,,,,,
【行政地域】,heading,,,,,,,,,,,,,,,,,,,,
行政区域,yes,N03,regional,Administrative Boundary,csv,https://nlftp.mlit.go.jp/ksj/gml/data/N03/N03-2023/N03-20230101_code_pref_GML.zip,N03-20230101_code_pref_GML.zip,N03-23_code_pref_230101.shp,,N03-20230101_code_pref_GML,https://nlftp.mlit.go.jp/ksj/gml/datalist/KsjTmplt-N03-2023.html,,,,,N03_007,code_pref_muni,UTF-8,N03-2024.qml,6668,
DID人口集中地区,,A16,,DID,2015,https://nlftp.mlit.go.jp/ksj/gml/data/A16/A16-15/A16-15_code_pref_GML.zip,A16-15_code_pref_GML.zip,A16-15_code_pref_DID.shp,,A16-15_code_pref_GML,https://nlftp.mlit.go.jp/ksj/gml/datalist/KsjTmplt-A16-2015.html,,,,,,,CP932,,6668,
中学校区,yes,A32,,Juniorhigh School Area,2023,https://nlftp.mlit.go.jp/ksj/gml/data/A32/A32-23/A32-23_code_pref_GML.zip,A32-23_code_pref_GML.zip,A32-23_code_pref.shp,A32-23_code_pref.geojson,A32-23_code_pref_GML,https://nlftp.mlit.go.jp/ksj/gml/datalist/KsjTmplt-A32-2023.html,,,,,A32_001,code_pref_muni,UTF-8,A32-2023.qml,6668,
小学校区,yes,A27,,Elementary School Area,2023,https://nlftp.mlit.go.jp/ksj/gml/data/A27/A27-23/A27-23_code_pref_GML.zip,A27-23_code_pref_GML.zip,A27-23_code_pref.shp,A27-23_code_pref.geojson,A27-23_code_pref_GML,https://nlftp.mlit.go.jp/ksj/gml/datalist/KsjTmplt-A27-2023.html,,,,,A27_001,code_pref_muni,UTF-8,A27-2023.qml,6668,
医療圏（一次医療圏）,yes,A38,,Medical Area (First),2020,https://nlftp.mlit.go.jp/ksj/gml/data/A38/A38-20/A38-20_code_pref_GML.zip,A38-20_code_pref_GML.zip,A38-20_code_pref_1.shp,,A38-20_code_pref_GML,https://nlftp.mlit.go.jp/ksj/gml/datalist/KsjTmplt-A38-2020.html,,,,,,,CP932,A38_1-2020.qml,6668,
医療圏（二次医療圏）,yes,A38,,Medical Area (Second),2020,https://nlftp.mlit.go.jp/ksj/gml/data/A38/A38-20/A38-20_code_pref_GML.zip,A38-20_code_pref_GML.zip,A38-20_code_pref_2.shp,,A38-20_code_pref_GML,https://nlftp.mlit.go.jp/ksj/gml/datalist/KsjTmplt-A38-2020.html,,,,,,,CP932,A38_2-2020.qml,6668,
医療圏（三次医療圏）,yes,A38,,Medical Area (Third),2020,https://nlftp.mlit.go.jp/ksj/gml/data/A38/A38-20/A38-20_code_pref_GML.zip,A38-20_code_pref_GML.zip,A38-20_code_pref_3.shp,,A38-20_code_pref_GML,https://nlftp.mlit.go.jp/ksj/gml/datalist/KsjTmplt-A38-2020.html,,,,,,,CP932,A38_3-2020.qml,6668,
景観計画区域（面）,yes,A35a,,Landscape Planning Area (Polygon),2014,https://nlftp.mlit.go.jp/ksj/gml/data/A35a/A35a-14/A35a-14_code_pref_GML.zip,A35a-14_code_pref_GML.zip,A35a-14_code_pref.shp,,A35a-14_code_pref_GML,https://nlftp.mlit.go.jp/ksj/gml/datalist/KsjTmplt-A35a.html,,,,,,,CP932,A35a-2014.qml,6668,
景観計画区域（点）,yes,A35a,,Landscape Planning Area (Point),2014,https://nlftp.mlit.go.jp/ksj/gml/data/A35a/A35a-14/A35a-14_code_pref_GML.zip,A35a-14_code_pref_GML.zip,A35b-14_code_pref.shp,,A35a-14_code_pref_GML,https://nlftp.mlit.go.jp/ksj/gml/datalist/KsjTmplt-A35a.html,,,,,,,CP932,,6668,
景観計画区域（景観重点地区）,yes,A35a,,Landscape Emphasis Area,2014,https://nlftp.mlit.go.jp/ksj/gml/data/A35a/A35a-14/A35a-14_code_pref_GML.zip,A35a-14_code_pref_GML.zip,A35c-14_code_pref.shp,,A35a-14_code_pref_GML,https://nlftp.mlit.go.jp/ksj/gml/datalist/KsjTmplt-A35a.html,,,,,,,CP932,A35c-2014.qml,6668,
景観地区・準景観地区（面）,yes,A35b,,Landscape Area (Polygon),2014,https://nlftp.mlit.go.jp/ksj/gml/data/A35b/A35b-14/A35b-14_code_pref_GML.zip,A35b-14_code_pref_GML.zip,A35d-14_code_pref.shp,,A35b-14_code_pref_GML,https://nlftp.mlit.go.jp/ksj/gml/datalist/KsjTmplt-A35b.html,,,,,,,CP932,A35d-2014.qml,6668,
景観地区・準景観地区（点）,yes,A35b,,Landscape Area (Point),2014,https://nlftp.mlit.go.jp/ksj/gml/data/A35b/A35b-14/A35b-14_code_pref_GML.zip,A35b-14_code_pref_GML.zip,A35e-14_code_pref.shp,,A35b-14_code_pref_GML,https://nlftp.mlit.go.jp/ksj/gml/datalist/KsjTmplt-A35b.html,,,,,,,CP932,,6668,
景観地区・準景観地区（ゾーン）,yes,A35b,,Zone Of Landscape Area,2014,https://nlftp.mlit.go.jp/ksj/gml/data/A35b/A35b-14/A35b-14_code_pref_GML.zip,A35b-14_code_pref_GML.zip,A35f-14_code_pref.shp,,A35b-14_code_pref_GML,https://nlftp.mlit.go.jp/ksj/gml/datalist/KsjTmplt-A35b.html,,,,,,,CP932,A35f-2014.qml,6668,
景観重要建造物・樹木,yes,A35c,detail,Important Landscape Building/Tree,csv,https://nlftp.mlit.go.jp/ksj/gml/data/A35c/A35c-14/A35c-14_code_pref_GML.zip,A35c-14_code_pref_GML.zip,A35g-14_code_pref.shp,,A35c-14_code_pref_GML,https://nlftp.mlit.go.jp/ksj/gml/datalist/KsjTmplt-A35c.html,,,,,,,CP932,A35g-2014.qml,6668,
歴史的風土特別保存地区,yes,A42,single,Special Preservation Area of Historic Landscape,2018,https://nlftp.mlit.go.jp/ksj/gml/data/A42/A42-18/A42-18_GML.zip,A42-18_GML.zip,A42-18_Spacial_Preservation_Area_of_Historic_Landscape.shp,,A42-18_GML,https://nlftp.mlit.go.jp/ksj/gml/datalist/KsjTmplt-A42.html,,,,,,,CP932,A42-special-2018.qml,6668,
伝統的建造物群保存地区,yes,A43,single,Preservation District of Historic Buildings,2018,https://nlftp.mlit.go.jp/ksj/gml/data/A43/A43-18/A43-18_GML.zip,A43-18_GML.zip,A43-18_ Preservation_District_of_Historic_Buildings.shp,A43-18_ Preservation_District_of_Historic_Buildings.geojson,,https://nlftp.mlit.go.jp/ksj/gml/datalist/KsjTmplt-A43.html,,,,,A43_003,code_pref_muni,CP932,A43-2018.qml,6668,
歴史的風致維持向上計画の重点地区,yes,A44,single,Priority Area of Plan for the Maintenance and Improvement of Historical Scenic Beauty,2018,https://nlftp.mlit.go.jp/ksj/gml/data/A44/A44-18/A44-18_GML.zip,A44-18_GML.zip,A44-18_ Priority_Area_of_Plan_for_the_Maintenance_and_Improvement_of_Historical_Scenic_Beauty.shp,A44-18_ Priority_Area_of_Plan_for_the_Maintenance_and_Improvement_of_Historical_Scenic_Beauty.geojson,,https://nlftp.mlit.go.jp/ksj/gml/datalist/KsjTmplt-A44.html,,,,,A44_003,code_pref_muni,CP932,A44-2018.qml,6668,
都市計画決定情報 ,yes,A55,detail,City Plan,csv,,,,,,https://nlftp.mlit.go.jp/ksj/gml/datalist/KsjTmplt-A55-2022.html,,,,,,,CP932,,6668,
都市地域（ポリゴン）,,A09,muni,,csv,https://nlftp.mlit.go.jp/ksj/gml/data/A12/A12-15/A12-15_code_pref_GML.zip,,,,,,,,,,,,,,,
用途地域,yes,A29,detail,Land Use,csv,,,,,,https://nlftp.mlit.go.jp/ksj/gml/datalist/KsjTmplt-A29-2019.html,,,,,,,CP932,A29.qml,6668,
立地適正化計画区域,yes,A50,regional,Location Normalisation Plan,csv,,,,,,https://nlftp.mlit.go.jp/ksj/gml/datalist/KsjTmplt-A50-v1_0.html,,,,,,,,,,
歴史的風土保存区域,yes,A42,single,Preservation Area of Historic Landscape,2018,https://nlftp.mlit.go.jp/ksj/gml/data/A42/A42-18/A42-18_GML.zip,A42-18_GML.zip,A42-18_Preservation_Area_of_Historic_Landscape.shp,,A42-18_GML,https://nlftp.mlit.go.jp/ksj/gml/datalist/KsjTmplt-A42.html,,,,,,,CP932,A42-2018.qml,6668,
都市公園,yes,P13,,,2011,https://nlftp.mlit.go.jp/ksj/gml/data/P13/P13-11/P13-11_code_pref_GML.zip,P13-11_code_pref_GML.zip,P13-11_code_pref.shp,,P13-11_code_pref_GML,https://nlftp.mlit.go.jp/ksj/gml/datalist/KsjTmplt-P13.html,,,,,,,CP932,P13-2011.qml,4612,
【大都市圏・条件不利地域】,heading,,,,,,,,,,,,,,,,,,,,
三大都市圏計画区域,yes,A03,regional,Three Major Metro Plan Area,2003,,,,,,https://nlftp.mlit.go.jp/ksj/gml/datalist/KsjTmplt-A03.html,,,,,A03_001,code_pref_muni,CP932,A03-2003_ThreeMajorMetroPlanArea.qml,4301,
過疎地域,yes,A17,regional,Underpopulated Area,csv,https://nlftp.mlit.go.jp/ksj/gml/data/A17/A17-17/A17-17_code_pref_GML.zip,A17-17_code_pref_GML.zip,A17-17_code_pref.shp,,A17-17_code_pref_GML,https://nlftp.mlit.go.jp/ksj/gml/datalist/KsjTmplt-A17-2017.html,,,,,,,CP932,A17-2016.qml,6668,
振興山村,yes,A24,regional,Development Mountain Village,csv,https://nlftp.mlit.go.jp/ksj/gml/data/A24/A24-16/A24-16_code_pref_GML.zip,A24-16_code_pref_GML.zip,A24-16_code_pref.shp,,A24-16_code_pref_GML,https://nlftp.mlit.go.jp/ksj/gml/datalist/KsjTmplt-A24-2016.html,,,,,,,CP932,A24-2017.qml,6668,
特定農山村地域,yes,A25,,Designated Rural Area,2016,https://nlftp.mlit.go.jp/ksj/gml/data/A25/A25-16/A25-16_code_pref_GML.zip,A25-16_code_pref_GML.zip,A25-16_code_pref.shp,,A25-16_code_pref_GML,https://nlftp.mlit.go.jp/ksj/gml/datalist/KsjTmplt-A25-2016.html,,,,,,,CP932,A25-2017.qml,6668,
離島振興対策実施地域,yes,A19,regional,Remote Island Development Implementation Area,csv,https://nlftp.mlit.go.jp/ksj/gml/data/A19/A19-17/A19-17_code_pref_GML.zip,A19-17_code_pref_GML.zip,A19-17_code_pref.shp,,A19-17_code_pref_GML,https://nlftp.mlit.go.jp/ksj/gml/datalist/KsjTmplt-A19-2017.html,,,,,A19_002,code_pref_muni,CP932,A19-2017.qml,6668,
離島振興対策実施地域統計情報（ポリゴン）,,A19s,,,,,,,,,,,,,,,,,,,
小笠原諸島,yes,A21,single,Ogasawara Islands,2007,https://nlftp.mlit.go.jp/ksj/gml/data/A21/A21-07/A21-070402_13_GML.zip,A21-070402_13_GML.zip,A21-070402_13_OgasawaraIslands.shp,,,https://nlftp.mlit.go.jp/ksj/gml/datalist/KsjTmplt-A21.html,,,,,A21_002,code_pref_muni,CP932,A21-2007.qml,4612,
小笠原諸島統計情報（ポリゴン）,,A21s,,,,,,,,,,,,,,,,,,,
奄美群島,yes,A20,single,Amami Islands,2007,https://nlftp.mlit.go.jp/ksj/gml/data/A20/A20-07/A20-070402_46_GML.zip,A20-070402_46_GML.zip,A20-070402_46_AmamiIslands.shp,,,https://nlftp.mlit.go.jp/ksj/gml/datalist/KsjTmplt-A20.html,,,,,,,CP932,A20-2007.qml,4612,
奄美群島統計情報（ポリゴン）,,A20s,,,,,,,,,,,,,,,,,,,
半島振興対策実施地域,yes,A18,regional,Peninsulas Development Implementation Area,2016,https://nlftp.mlit.go.jp/ksj/gml/data/A18/A18-16/A18-16_code_pref_GML.zip,A18-16_code_pref_GML.zip,A18-16_code_pref.shp,,,https://nlftp.mlit.go.jp/ksj/gml/datalist/KsjTmplt-A18-2016.html,,,,,A18_002,code_pref_muni,CP932,A18-2016.qml,6668,
半島振興対策実施地域統計情報（ポリゴン）,,A18s-a,,,,,,,,,,,,,,,,,,,
半島循環道路（ポリゴン）（ライン）,,A37,,,,,,,,,,,,,,,,,,,
豪雪地帯,yes,A22,regional,Heavy Snowfall Area,csv,https://nlftp.mlit.go.jp/ksj/gml/data/A22/A22-16/A22-16_code_pref_GML.zip,A22-16_code_pref_GML.zip,A22-16_code_pref.shp,,A22-16_code_pref_GML,https://nlftp.mlit.go.jp/ksj/gml/datalist/KsjTmplt-A22-2016.html,,,,,,,CP932,A22-2016.qml,6668,
豪雪地帯（気象データ）（ポリゴン）（ポイント）,,A22-m,,,,,,,,,,,,,,,,,,,
豪雪地帯統計情報（ポリゴン）,,A22s,,,,,,,,,,,,,,,,,,,
特殊土壌地帯,yes,A23,regional,Particular Soil Zone,2016,https://nlftp.mlit.go.jp/ksj/gml/data/A23/A23-16/A23-16_code_pref_GML.zip,A23-16_code_pref_GML.zip,A23-16_code_pref.shp,,A23-16_code_pref_GML,https://nlftp.mlit.go.jp/ksj/gml/datalist/KsjTmplt-A23-2016.html,,,,,,,CP932,A23-2016.qml,6668,
密集市街地,yes,A39,single,Crowd City,2015,https://nlftp.mlit.go.jp/ksj/gml/data/A39/A39-15/A39-15_GML.zip,A39-15_GML.zip,A39-15.shp,,A39-15_GML,https://nlftp.mlit.go.jp/ksj/gml/datalist/KsjTmplt-A39-2015.html,,,,,,,CP932,A39-2015.qml,6668,
【災害・防災】,heading,,,,,,,,,,,,,,,,,,,,
洪水浸水想定区域（メッシュ）予報･周知 計画規模,yes,A31,mesh1,,2023,https://nlftp.mlit.go.jp/ksj/gml/data/A31b/A31b-23/A31b-23_10_code_mesh1_SHP.zip,A31b-23_10_code_mesh1_SHP.zip,10_計画規模/A31b-10-23_10_code_mesh1.shp,,,https://nlftp.mlit.go.jp/ksj/gml/datalist/KsjTmplt-A31b-2023.html,,,,,,,CP932,A31b-10-2023.qml,6668,
洪水浸水想定区域（メッシュ）予報･周知 想定最大規模,yes,A31,mesh1,,2023,https://nlftp.mlit.go.jp/ksj/gml/data/A31b/A31b-23/A31b-23_10_code_mesh1_SHP.zip,A31b-23_10_code_mesh1_SHP.zip,20_想定最大規模/A31b-20-23_10_code_mesh1.shp,,,https://nlftp.mlit.go.jp/ksj/gml/datalist/KsjTmplt-A31b-2023.html,,,,,,,CP932,A31b-20-2023.qml,6668,
洪水浸水想定区域（メッシュ）予報･周知 浸水継続時間,yes,A31,mesh1,,2023,https://nlftp.mlit.go.jp/ksj/gml/data/A31b/A31b-23/A31b-23_10_code_mesh1_SHP.zip,A31b-23_10_code_mesh1_SHP.zip,30_浸水継続時間/A31b-30-23_10_code_mesh1.shp,,,https://nlftp.mlit.go.jp/ksj/gml/datalist/KsjTmplt-A31b-2023.html,,,,,,,CP932,A31b-30-2023.qml,6668,
洪水浸水想定区域（メッシュ）予報･周知 氾濫流,yes,A31,mesh1,,2023,https://nlftp.mlit.go.jp/ksj/gml/data/A31b/A31b-23/A31b-23_10_code_mesh1_SHP.zip,A31b-23_10_code_mesh1_SHP.zip,41_家屋倒壊等氾濫想定区域_氾濫流/A31b-41-23_10_code_mesh1.shp,,,https://nlftp.mlit.go.jp/ksj/gml/datalist/KsjTmplt-A31b-2023.html,,,,,,,CP932,A31b-41-2023.qml,6668,
洪水浸水想定区域（メッシュ）予報･周知 河岸浸食,yes,A31,mesh1,,2023,https://nlftp.mlit.go.jp/ksj/gml/data/A31b/A31b-23/A31b-23_10_code_mesh1_SHP.zip,A31b-23_10_code_mesh1_SHP.zip,42_家屋倒壊等氾濫想定区域_河岸浸食/A31b-42-23_10_code_mesh1.shp,,,https://nlftp.mlit.go.jp/ksj/gml/datalist/KsjTmplt-A31b-2023.html,,,,,,,CP932,A31b-42-2023.qml,6668,
洪水浸水想定区域（メッシュ）その他 計画規模,yes,A31,mesh1,,2023,https://nlftp.mlit.go.jp/ksj/gml/data/A31b/A31b-23/A31b-23_20_code_mesh1_SHP.zip,A31b-23_20_code_mesh1_SHP.zip,10_計画規模/A31b-10-23_20_code_mesh1.shp,,,https://nlftp.mlit.go.jp/ksj/gml/datalist/KsjTmplt-A31b-2023.html,,,,,,,CP932,A31b-10-2023.qml,6668,
洪水浸水想定区域（メッシュ）その他 想定最大規模,yes,A31,mesh1,,2023,https://nlftp.mlit.go.jp/ksj/gml/data/A31b/A31b-23/A31b-23_20_code_mesh1_SHP.zip,A31b-23_20_code_mesh1_SHP.zip,20_想定最大規模/A31b-20-23_20_code_mesh1.shp,,,https://nlftp.mlit.go.jp/ksj/gml/datalist/KsjTmplt-A31b-2023.html,,,,,,,CP932,A31b-20-2023.qml,6668,
洪水浸水想定区域（メッシュ）その他 浸水継続時間,yes,A31,mesh1,,2023,https://nlftp.mlit.go.jp/ksj/gml/data/A31b/A31b-23/A31b-23_20_code_mesh1_SHP.zip,A31b-23_20_code_mesh1_SHP.zip,30_浸水継続時間/A31b-30-23_20_code_mesh1.shp,,,https://nlftp.mlit.go.jp/ksj/gml/datalist/KsjTmplt-A31b-2023.html,,,,,,,CP932,A31b-30-2023.qml,6668,
洪水浸水想定区域（メッシュ）その他 氾濫流,yes,A31,mesh1,,2023,https://nlftp.mlit.go.jp/ksj/gml/data/A31b/A31b-23/A31b-23_20_code_mesh1_SHP.zip,A31b-23_20_code_mesh1_SHP.zip,41_家屋倒壊等氾濫想定区域_氾濫流/A31b-41-23_20_code_mesh1.shp,,,https://nlftp.mlit.go.jp/ksj/gml/datalist/KsjTmplt-A31b-2023.html,,,,,,,CP932,A31b-41-2023.qml,6668,
洪水浸水想定区域（メッシュ）その他 河岸浸食,yes,A31,mesh1,,2023,https://nlftp.mlit.go.jp/ksj/gml/data/A31b/A31b-23/A31b-23_20_code_mesh1_SHP.zip,A31b-23_20_code_mesh1_SHP.zip,42_家屋倒壊等氾濫想定区域_河岸浸食/A31b-42-23_20_code_mesh1.shp,,,https://nlftp.mlit.go.jp/ksj/gml/datalist/KsjTmplt-A31b-2023.html,,,,,,,CP932,A31b-42-2023.qml,6668,
避難施設,yes,P20,,Evacuation Facilities,2012,https://nlftp.mlit.go.jp/ksj/gml/data/P20/P20-12/P20-12_code_pref_GML.zip,P20-12_code_pref_GML.zip,P20-12_code_pref.shp,,P20-12_code_pref_GML,https://nlftp.mlit.go.jp/ksj/gml/datalist/KsjTmplt-P20.html,,,,,,,CP932,P20-2012.qml,4612,
洪水浸水想定区域 (2012),yes,A31,,,2012,https://nlftp.mlit.go.jp/ksj/gml/data/A31/A31-12/A31-12_code_pref_GML.zip,A31-12_code_pref_GML.zip,A31-12_code_pref.shp,,A31-20_code_pref_GML,https://nlftp.mlit.go.jp/ksj/gml/datalist/KsjTmplt-A31-2012.html,A31_105,1 2 3 4 5 6,0m以上0.5m未満 0.5m以上3.0m未満 3.0m以上5.0m未満 5.0m以上10.0m未満 10.0m以上20.0m未満 20.0m以上,#F7F5A9 #FFD8C0 #FFB7B7 #FF9191 #F285C9 #DC7ADC,,,CP932,,4612,
洪水浸水想定区域,yes,A31,detail,,csv,https://nlftp.mlit.go.jp/ksj/gml/data/A31/A31-20/A31-20_code_pref_GML.zip,A31-20_code_pref_GML.zip,,,A31-20_code_pref_GML,https://nlftp.mlit.go.jp/ksj/gml/datalist/KsjTmplt-A31a-2023.html,A31_105,1 2 3 4 5 6,0m以上0.5m未満 0.5m以上3.0m未満 3.0m以上5.0m未満 5.0m以上10.0m未満 10.0m以上20.0m未満 20.0m以上,#F7F5A9 #FFD8C0 #FFB7B7 #FF9191 #F285C9 #DC7ADC,,,CP932,,6668,
平年値（気候）メッシュ,yes,G02,mesh1,,LandNumInfo_G02.csv,,,,,,,,,,,,,,,,
竜巻等の突風（発生地点）,yes,A30b,single,Gust (Appearance Point),2011,https://nlftp.mlit.go.jp/ksj/gml/data/A30b/A30b-11/A30b-11_GML.zip,A30b-11_GML.zip,AppearancePoint_Gust.shp,,A30b-11_GML,https://nlftp.mlit.go.jp/ksj/gml/datalist/KsjTmplt-A30b.html,,,,,,,CP932,A30b-Appearance.qml,4612,
竜巻等の突風（消滅地点）,yes,A30b,single,Gust (Disappearance Point),2011,https://nlftp.mlit.go.jp/ksj/gml/data/A30b/A30b-11/A30b-11_GML.zip,A30b-11_GML.zip,DisappearancePoint_Gust.shp,,A30b-11_GML,https://nlftp.mlit.go.jp/ksj/gml/datalist/KsjTmplt-A30b.html,,,,,,,CP932,A30b-Disappearance.qml,4612,
土砂災害・雪崩メッシュ,yes,A30a5,mesh1,Sediment Disaster and Snowslide,2011,https://nlftp.mlit.go.jp/ksj/gml/data/A30a5/A30a5-11/A30a5-11_code_mesh1-jgd_GML.zip,A30a5-11_code_mesh1-jgd_GML.zip,A30a5-11_code_mesh1_SedimentDisasterAndSnowslide.shp,,,https://nlftp.mlit.go.jp/ksj/gml/datalist/KsjTmplt-A30a5.html,,,,,,,CP932,,4612,
土砂災害警戒区域,yes,A33,,Sediment Related Disaster Warning Area,2023,https://nlftp.mlit.go.jp/ksj/gml/data/A33/A33-23/A33-23_code_pref_GML.zip,A33-23_code_pref_GML.zip,Shape/A33-23_code_prefPolygon.shp,GeoJSON/33-23_code_prefPolygon.geojson,A33-23_code_pref_GML,https://nlftp.mlit.go.jp/ksj/gml/datalist/KsjTmplt-A33-2023.html,,,,,,,CP932,A33-2023.qml,6668,
地すべり防止区域（国交相）,yes,A46,,Landslide Prevention Area (MLIT),2021,https://nlftp.mlit.go.jp/ksj/gml/data/A46/A46-21/A46-21_code_pref_GML.zip,A46-21_code_pref_GML.zip,A46-a_国交省/A46-a-21_code_pref.shp,A46-a_国交省/A46-a-21_code_pref.geojson,,https://nlftp.mlit.go.jp/ksj/gml/datalist/KsjTmplt-A46-2021.html,,,,,,,CP932,A46-a-2021.qml,6668,
地すべり防止区域（農水省）,yes,A46,,Landslide Prevention Area (MAFF),2021,https://nlftp.mlit.go.jp/ksj/gml/data/A46/A46-21/A46-21_code_pref_GML.zip,A46-21_code_pref_GML.zip,A46-c_林野庁/A46-c-21_code_pref.shp,A46-c_林野庁/A46-c-21_code_pref.geojson,,https://nlftp.mlit.go.jp/ksj/gml/datalist/KsjTmplt-A46-2021.html,,,,,,,CP932,A46-c-2021.qml,6668,
急傾斜地崩壊危険区域,yes,A47,,Steep Slope Collapse Danger Zone,2021,https://nlftp.mlit.go.jp/ksj/gml/data/A47/A47-21/A47-21_code_pref_GML.zip,A47-21_code_pref_GML.zip,A47-21_code_pref.shp,A47-21_code_pref.geojson,A47-21_code_pref_GML,https://nlftp.mlit.go.jp/ksj/gml/datalist/KsjTmplt-A47-2021.html,,,,,,,CP932,A47-2023.qml,6668,
津波浸水想定,yes,A40,regional,Expected Tsunami Inundated Area Type,CSV,,,,,,https://nlftp.mlit.go.jp/ksj/gml/datalist/KsjTmplt-A40-2023.html,,,,,,,CP932,,6668,
高潮浸水想定区域,yes,A49,regional,Areas Expected To Be Flooded By Storm Surges,CSV,,,,,,https://nlftp.mlit.go.jp/ksj/gml/datalist/KsjTmplt-A49-2023.html,,,,,,,CP932,,6668,
災害危険区域,yes,A48,regional,Disaster Hazard Zone,csv,,,,,,https://nlftp.mlit.go.jp/ksj/gml/datalist/KsjTmplt-A48-v1_2.html,,,,,,,,,,
砂防指定地,yes,A52,regional,Erosion Control Area,2023,https://nlftp.mlit.go.jp/ksj/gml/data/A52/A52-23/A52-23_code_pref_GML.zip,A52-23_code_pref_GML.zip,Shape/A52-23_code_prefPolygon.shp,GeoJSON/A52-23_code_prefPolygon.geojson,A52-23_code_pref_GML,https://nlftp.mlit.go.jp/ksj/gml/datalist/KsjTmplt-A52-2023.html,,,,,A52_002,code_pref_muni,CP932,A52-2023.qml,6668,
多段階浸水想定（ポリゴン）,,A53,regional,Multi-level Flood Inundation Assumption,,,,,,,,,,,,,,,,,
3. 地域,heading,,,,,,,,,,,,,,,,,,,,
【施設】,heading,,,,,,,,,,,,,,,,,,,,
国・都道府県の機関,yes,P28,,Governmental Agency,2022,https://nlftp.mlit.go.jp/ksj/gml/data/P28/P28-22/P28-22_code_pref.zip,P28-22_code_pref.zip,P28-22_code_pref.shp,,P28-22_code_pref,https://nlftp.mlit.go.jp/ksj/gml/datalist/KsjTmplt-P28-2022.html,,,,,P28_001 ,code_pref_muni,CP932,P02.qml,6668,
市町村役場等及び公的集会施設,yes,P05,,"Local Government Office, etc. and Public Meeting Facility",2022,https://nlftp.mlit.go.jp/ksj/gml/data/P05/P05-22/P05-22_code_pref_GML.zip,P05-22_code_pref_GML.zip,P05-22_code_pref.shp,,P05-22_code_pref_GML,https://nlftp.mlit.go.jp/ksj/gml/datalist/KsjTmplt-P05-2022.html,,,,,P05_001 ,code_pref_muni,CP932,P05-2022.qml,6668,
市区町村役場,yes,P34,,"Local Government Office And Public Meeting
Facility",2014,https://nlftp.mlit.go.jp/ksj/gml/data/P34/P34-14/P34-14_code_pref_GML.zip,P34-14_code_pref_GML.zip,P34-14_code_pref.shp,,P34-14_code_pref_GML,https://nlftp.mlit.go.jp/ksj/gml/datalist/KsjTmplt-P34.html,,,,,P34_001,code_pref_muni,CP932,P34-2014.qml,4612,
公共施設,yes,P02,,Public Facility,2006,https://nlftp.mlit.go.jp/ksj/gml/data/P02/P02-06/P02-06_code_pref_GML.zip,P02-06_code_pref_GML.zip,P02-06_code_pref-g_PublicFacility.shp,,P02-06_code_pref_GML,https://nlftp.mlit.go.jp/ksj/gml/datalist/KsjTmplt-P02-2006.html,,,,,P02_001 ,code_pref_muni,CP932,P02-2006.qml,4612,
警察署,yes,P18,,Police Station,2012,https://nlftp.mlit.go.jp/ksj/gml/data/P18/P18-12/P18-12_code_pref_GML.zip,P18-12_code_pref_GML.zip,P18-12_code_pref_PoliceStation.shp,,P18-12_code_pref_GML,https://nlftp.mlit.go.jp/ksj/gml/datalist/KsjTmplt-P18.html,,,,,,,CP932,P18-2012.qml,4612,
警察署管轄範囲,yes,P18,,Police Station Jurisdiction,2012,https://nlftp.mlit.go.jp/ksj/gml/data/P18/P18-12/P18-12_code_pref_GML.zip,P18-12_code_pref_GML.zip,P18-12_code_pref_PoliceStationJurisdiction.shp,,P18-12_code_pref_GML,https://nlftp.mlit.go.jp/ksj/gml/datalist/KsjTmplt-P18.html,,,,,,,CP932,P18_Jurisdiction-2012.qml,4612,
消防署,yes,P17,,Fire Station,2012,https://nlftp.mlit.go.jp/ksj/gml/data/P17/P17-12/P17-12_code_pref_GML.zip,P17-12_code_pref_GML.zip,P17-12_code_pref_FireStation.shp,,P17-12_code_pref_GML,https://nlftp.mlit.go.jp/ksj/gml/datalist/KsjTmplt-P17.html,,,,,P17_002 ,code_pref_muni,CP932,P17-2012.qml,4612,
消防署管轄範囲,yes,P17,,Fire Station Jurisdiction,2012,https://nlftp.mlit.go.jp/ksj/gml/data/P17/P17-12/P17-12_code_pref_GML.zip,P17-12_code_pref_GML.zip,P17-12_code_pref_FireStationJurisdiction.shp,,P17-12_code_pref_GML,https://nlftp.mlit.go.jp/ksj/gml/datalist/KsjTmplt-P17.html,,,,,P17_002 ,code_pref_muni,CP932,P17_Jurisdiction-2012.qml,4612,
郵便局,yes,P30,,Postal Office,2013,https://nlftp.mlit.go.jp/ksj/gml/data/P30/P30-13/P30-13_code_pref.zip,P30-13_code_pref.zip,P30-13_code_pref.shp,,P30-13_code_pref,https://nlftp.mlit.go.jp/ksj/gml/datalist/KsjTmplt-P30.html,,,,,P30_001 ,code_pref_muni,CP932,P30-2013.qml,4612,
医療機関,yes,P04,,Medical Institution,csv,,,,,,https://nlftp.mlit.go.jp/ksj/gml/datalist/KsjTmplt-P04-v3_0.html,,,,,,,,,,
福祉施設,yes,P14,,Welfare Facility,csv,,,,,,https://nlftp.mlit.go.jp/ksj/gml/datalist/KsjTmplt-P14-v2_1.html,,,,,,,,,,
文化施設,yes,P27,,Cultural Facility,2013,https://nlftp.mlit.go.jp/ksj/gml/data/P27/P27-13/P27-13_code_pref.zip,P27-13_code_pref.zip,P27-13_code_pref.shp,,P27-13_code_pref,https://nlftp.mlit.go.jp/ksj/gml/datalist/KsjTmplt-P27.html,,,,,P27_001 ,code_pref_muni,CP932,,4612,
学校,yes,P29,,School,csv,,,,,,https://nlftp.mlit.go.jp/ksj/gml/datalist/KsjTmplt-P29-2023.html,,,,,,,,,,
上水道関連施設（浄水場）,yes,P21,,Filtration Plant ,2012,https://nlftp.mlit.go.jp/ksj/gml/data/P21/P21-12/P21-12_code_pref_GML.zip,P21-12_code_pref_GML.zip,P21-12b_code_pref.shp,,21-12_code_pref_GML,https://nlftp.mlit.go.jp/ksj/gml/datalist/KsjTmplt-P21.html,,,,,,,CP932,P21b-2012.qml,4612,
上水道関連施設（給水区域）,yes,P21,,Water Supply District,2012,https://nlftp.mlit.go.jp/ksj/gml/data/P21/P21-12/P21-12_code_pref_GML.zip,P21-12_code_pref_GML.zip,P21-12a_code_pref.shp,,21-12_code_pref_GML,https://nlftp.mlit.go.jp/ksj/gml/datalist/KsjTmplt-P21.html,,,,,,,CP932,P21a-2012.qml,4612,
下水道関連施設（ポンプ場施設）,yes,P22,,Sewerage System Related Facility (Sewage Treatment Plant Facility),2012,https://nlftp.mlit.go.jp/ksj/gml/data/P22/P22-12/P22-12_code_pref_GML.zip,P22-12_code_pref_GML.zip,P22a-12_code_pref.shp,,P22-12_code_pref_GML,https://nlftp.mlit.go.jp/ksj/gml/datalist/KsjTmplt-P22.html,,,,,,,CP932,P22a-2012.qml,4612,
下水道関連施設（処理場施設）,yes,P22,,Sewerage System Related Facility (Pumping Plant Facility),2012,https://nlftp.mlit.go.jp/ksj/gml/data/P22/P22-12/P22-12_code_pref_GML.zip,P22-12_code_pref_GML.zip,P22b-12_code_pref.shp,,P22-12_code_pref_GML,https://nlftp.mlit.go.jp/ksj/gml/datalist/KsjTmplt-P22.html,,,,,,,CP932,P22b-2012.qml,4612,
廃棄物処理施設（一般廃棄物処理施設）,yes,P15,,General Waste Disposal Facilities,2012,https://nlftp.mlit.go.jp/ksj/gml/data/P15/P15-12/P15-12_code_pref_GML.zip,P15-12_code_pref_GML.zip,P15-12_code_pref_GeneralWasteDisposalFacilities.shp,,P15-12_code_pref_GML,https://nlftp.mlit.go.jp/ksj/gml/datalist/KsjTmplt-P15.html,,,,,,,CP932,P15-general-2012.qml,4612,
廃棄物処理施設（産業廃棄物処理施設）,yes,P15,,Industrial Disposal Facilities,2012,https://nlftp.mlit.go.jp/ksj/gml/data/P15/P15-12/P15-12_code_pref_GML.zip,P15-12_code_pref_GML.zip,P15-12_code_pref_IndustrialWasteDisposalFacilities.shp,,P15-12_code_pref_GML,https://nlftp.mlit.go.jp/ksj/gml/datalist/KsjTmplt-P15.html,,,,,,,CP932,P15-industrial-2012.qml,4612,
発電施設（一般水力発電施設）,yes,P03,single,General Hydroelectric Power Plant,2013,https://nlftp.mlit.go.jp/ksj/gml/data/P03/P03-13/P03-13.zip,P03-13.zip,SHP/一般水力発電施設/P03-13-g_GeneralHydroelectricPowerPlant.shp,,P03-13,https://nlftp.mlit.go.jp/ksj/gml/datalist/KsjTmplt-P03.html,,,,,,,CP932,P03.qml,4612,
発電施設（揚水式発電施設）,yes,P03,single,Pumed Storage Hydroelectric Plant,2013,https://nlftp.mlit.go.jp/ksj/gml/data/P03/P03-13/P03-13.zip,P03-13.zip,SHP/揚水式発電施設/P03-13-g_PumpedStorageHydroelectricPlant.shp,,P03-13,https://nlftp.mlit.go.jp/ksj/gml/datalist/KsjTmplt-P03.html,,,,,,,CP932,P03.qml,4612,
発電施設（揚水式発電施設池情報）,yes,P03,single,Pond Information,2013,https://nlftp.mlit.go.jp/ksj/gml/data/P03/P03-13/P03-13.zip,P03-13.zip,SHP/揚水式発電施設/P03-13-g_PondInformation.shp,,P03-13,https://nlftp.mlit.go.jp/ksj/gml/datalist/KsjTmplt-P03.html,,,,,,,CP932,P03.qml,4612,
発電施設（火力発電施設）,yes,P03,single,Thermal Power Plant,2013,https://nlftp.mlit.go.jp/ksj/gml/data/P03/P03-13/P03-13.zip,P03-13.zip,SHP/火力発電施設/P03-13-g_ThermalPowerPlant.shp,,P03-13,https://nlftp.mlit.go.jp/ksj/gml/datalist/KsjTmplt-P03.html,,,,,,,CP932,P03.qml,4612,
発電施設（地熱発電施設）,yes,P03,single,Geothermal Power Plant,2013,https://nlftp.mlit.go.jp/ksj/gml/data/P03/P03-13/P03-13.zip,P03-13.zip,SHP/地熱発電施設/P03-13-g_GeothermalPowerPlant.shp,,P03-13,https://nlftp.mlit.go.jp/ksj/gml/datalist/KsjTmplt-P03.html,,,,,,,CP932,P03.qml,4612,
発電施設（原子力発電施設）,yes,P03,single,Nuclear Power Plant,2013,https://nlftp.mlit.go.jp/ksj/gml/data/P03/P03-13/P03-13.zip,P03-13.zip,SHP/原子力発電施設/P03-13-g_NuclearPowerPlant.shp,,P03-13,https://nlftp.mlit.go.jp/ksj/gml/datalist/KsjTmplt-P03.html,,,,,,,CP932,P03.qml,4612,
発電施設（風力発電施設）,yes,P03,single,Wind Power Plant,2013,https://nlftp.mlit.go.jp/ksj/gml/data/P03/P03-13/P03-13.zip,P03-13.zip,SHP/風力発電施設/P03-13-g_WindPowerPlant.shp,,P03-13,https://nlftp.mlit.go.jp/ksj/gml/datalist/KsjTmplt-P03.html,,,,,,,CP932,P03-wind.qml,4612,
発電施設（太陽光発電施設）,yes,P03,single,Photovoltaic Power Plant,2013,https://nlftp.mlit.go.jp/ksj/gml/data/P03/P03-13/P03-13.zip,P03-13.zip,SHP/太陽光発電施設/P03-13-g_PhotovoltaicPowerPlant.shp,,P03-13,https://nlftp.mlit.go.jp/ksj/gml/datalist/KsjTmplt-P03.html,,,,,,,CP932,P03.qml,4612,
発電施設（バイオマス発電施設）,yes,P03,single,Biomass Power Station,2013,https://nlftp.mlit.go.jp/ksj/gml/data/P03/P03-13/P03-13.zip,P03-13.zip,SHP/バイオマス発電施設/P03-13-g_BiomassPowerStation.shp,,P03-13,https://nlftp.mlit.go.jp/ksj/gml/datalist/KsjTmplt-P03.html,,,,,,,CP932,P03.qml,4612,
発電施設（複合型発電施設）,yes,P03,single,Power Plant Complex,2013,https://nlftp.mlit.go.jp/ksj/gml/data/P03/P03-13/P03-13.zip,P03-13.zip,SHP/複合型発電施設/P03-13-g_PowerPlantComplex.shp,,P03-13,https://nlftp.mlit.go.jp/ksj/gml/datalist/KsjTmplt-P03.html,,,,,,,CP932,P03.qml,4612,
燃料給油所,yes,P07,,Fuel Fill Station,2015,https://nlftp.mlit.go.jp/ksj/gml/data/P07/P07-15/P07-15_code_pref_GML.zip,P07-15_code_pref_GML.zip,P07-15_code_pref.shp,,P07-15_code_pref_GML,https://nlftp.mlit.go.jp/ksj/gml/datalist/KsjTmplt-P07-2016.html,,,,,,,CP932,P07-2015.qml,6668,
ニュータウン,yes,P26,,New Town,2013,https://nlftp.mlit.go.jp/ksj/gml/data/P26/P26-13/P26-13_code_pref.zip,P26-13_code_pref.zip,P26-13_code_pref.shp,,P26-13_code_pref,https://nlftp.mlit.go.jp/ksj/gml/datalist/KsjTmplt-P26.html,,,,,,,CP932,P26-2013.qml,4612,
工業用地（工業団地）,yes,L05,,Industrial Complex,2009,https://nlftp.mlit.go.jp/ksj/gml/data/L05/L05-09/L05-1-09_code_pref_GML.zip,L05-1-09_code_pref_GML.zip,L05-1-09_code_pref-g_IndustrialComplex.shp,,L05-1-09_code_pref_GML,https://nlftp.mlit.go.jp/ksj/gml/datalist/KsjTmplt-L05.html,,,,,,,CP932,L05_IndustrialComplex-2009.qml,4612,
工業用地（単独工場用地）,yes,L05,,Isolated Industrial Site,2009,https://nlftp.mlit.go.jp/ksj/gml/data/L05/L05-09/L05-2-09_code_pref_GML.zip,L05-2-09_code_pref_GML.zip,L05-2-09_code_pref-g_IsolatedIndustrialSite.shp,,L05-2-09_code_pref_GML,https://nlftp.mlit.go.jp/ksj/gml/datalist/KsjTmplt-L05.html,,,,,,,CP932,,4612,
研究機関,yes,P16,,Research Institution,2012,https://nlftp.mlit.go.jp/ksj/gml/data/P16/P16-12/P16-12_code_pref_GML.zip,P16-12_code_pref_GML.zip,P16-12_code_pref.shp,,P16-12_code_pref_GML,https://nlftp.mlit.go.jp/ksj/gml/datalist/KsjTmplt-P16.html,,,,,,,CP932,P16-2012.qml,4612,
地場産業関連施設,yes,P24,single,Local Industry Institution,2012,https://nlftp.mlit.go.jp/ksj/gml/data/P24/P24-12/P24-12_GML.zip,P24-12_GML.zip,P24-12.shp,,P24-12_GML,https://nlftp.mlit.go.jp/ksj/gml/datalist/KsjTmplt-P24.html,,,,,,,CP932,P24-2012.qml,4612,
物流拠点,yes,P31,,Logistics Hub,2013,https://nlftp.mlit.go.jp/ksj/gml/data/P31/P31-13/P31-13_code_pref.zip,P31-13_code_pref.zip,P31-13_code_pref_e.shp,,P31-13_code_pref,https://nlftp.mlit.go.jp/ksj/gml/datalist/KsjTmplt-P31.html,,,,,,,CP932,P31-2013.qml,4612,
集客施設,yes,P33,,Facility for Attracting Visitors,2014,https://nlftp.mlit.go.jp/ksj/gml/data/P33/P33-14/P33-14_code_pref_GML.zip,P33-14_code_pref_GML.zip,P33-14_code_pref.shp,,P33-14_code_pref_GML,https://nlftp.mlit.go.jp/ksj/gml/datalist/KsjTmplt-P33.html,,,,,,,CP932,P33-2014.qml,4612,
道の駅,yes,P35,single,Roadside Station,2018,https://nlftp.mlit.go.jp/ksj/gml/data/P35/P35-18/P35-18_GML.zip,P35-18_GML.zip,P35-18_Roadside_Station.shp,,P35-18_GML,https://nlftp.mlit.go.jp/ksj/gml/datalist/KsjTmplt-P35.html,,,,,,,CP932,P35-2018.qml,6668,
【地域資源・観光】,heading,,,,,,,,,,,,,,,,,,,,
都道府県指定文化財,yes,P32,,Prefectural Cultural Property,2014,https://nlftp.mlit.go.jp/ksj/gml/data/P32/P32-14/P32-14_code_pref_GML.zip,P32-14_code_pref_GML.zip,P32-14_code_pref.shp,,P32-14_code_pref_GML,https://nlftp.mlit.go.jp/ksj/gml/datalist/KsjTmplt-P32.html,,,,,,,CP932,P32-2014.qml,4612,
世界文化遺産（ポリゴン）,yes,A34,single,World Heritage (Polygon),2022,https://nlftp.mlit.go.jp/ksj/gml/data/A34/A34-22/A34-230328_GML.zip,A34-230328_GML.zip,A34a-230328.shp,,A34-230328_GML,https://nlftp.mlit.go.jp/ksj/gml/datalist/KsjTmplt-A34-2022.html,,,,,,,CP932,A34a-2022.qml,6668,
世界文化遺産（ポリゴン代表点）,yes,A34,single,World Heritage (Polygon Point),2022,https://nlftp.mlit.go.jp/ksj/gml/data/A34/A34-22/A34-230328_GML.zip,A34-230328_GML.zip,A34b-230328.shp,,A34-230328_GML,https://nlftp.mlit.go.jp/ksj/gml/datalist/KsjTmplt-A34-2022.html,,,,,,,CP932,,6668,
世界文化遺産（ライン）,yes,A34,single,World Heritage (Linestring),2022,https://nlftp.mlit.go.jp/ksj/gml/data/A34/A34-22/A34-230328_GML.zip,A34-230328_GML.zip,A34c-230328.shp,,A34-230328_GML,https://nlftp.mlit.go.jp/ksj/gml/datalist/KsjTmplt-A34-2022.html,,,,,,,CP932,A34c-2022.qml,6668,
世界文化遺産（ライン代表点）,yes,A34,single,World Heritage (Linestring Point),2022,https://nlftp.mlit.go.jp/ksj/gml/data/A34/A34-22/A34-230328_GML.zip,A34-230328_GML.zip,A34d-230328.shp,,A34-230328_GML,https://nlftp.mlit.go.jp/ksj/gml/datalist/KsjTmplt-A34-2022.html,,,,,,,CP932,,6668,
世界文化遺産（構成資産）,yes,A34,single,World Heritage (Asset),2022,https://nlftp.mlit.go.jp/ksj/gml/data/A34/A34-22/A34-230328_GML.zip,A34-230328_GML.zip,A34e-230328.shp,,A34-230328_GML,https://nlftp.mlit.go.jp/ksj/gml/datalist/KsjTmplt-A34-2022.html,,,,,,,CP932,,6668,
世界文化遺産（緩衝地帯）,yes,A34,single,World Heritage (Buffer),2022,https://nlftp.mlit.go.jp/ksj/gml/data/A34/A34-22/A34-230328_GML.zip,A34-230328_GML.zip,A34f-230328.shp,,A34-230328_GML,https://nlftp.mlit.go.jp/ksj/gml/datalist/KsjTmplt-A34-2022.html,,,,,,,CP932,,6668,
世界文化遺産（緩衝地帯代表点）,yes,A34,single,World Heritage (Buffer Centre),2022,https://nlftp.mlit.go.jp/ksj/gml/data/A34/A34-22/A34-230328_GML.zip,A34-230328_GML.zip,A34g-230328.shp,,A34-230328_GML,https://nlftp.mlit.go.jp/ksj/gml/datalist/KsjTmplt-A34-2022.html,,,,,,,CP932,,6668,
世界自然遺産,yes,A28,single,World Natural Heritage,2022,https://nlftp.mlit.go.jp/ksj/gml/data/A28/A28-22/A28-22_GML.zip,A28-22_GML.zip,A28-22_WorldNaturalHeritage.shp,,A28-22_GML,https://nlftp.mlit.go.jp/ksj/gml/datalist/KsjTmplt-A28.html,,,,,,,CP932,,4612,
観光資源（点）,yes,P12,,,2014,https://nlftp.mlit.go.jp/ksj/gml/data/P12/P12-14/P12-14_code_pref_GML.zip,P12-14_code_pref_GML.zip,P12a-14_code_pref.shp,,P12-14_code_pref_GML,https://nlftp.mlit.go.jp/ksj/gml/datalist/KsjTmplt-P12-2014.html,,,,,,,CP932,,6668,
観光資源（線）,yes,P12,,,2014,https://nlftp.mlit.go.jp/ksj/gml/data/P12/P12-14/P12-14_code_pref_GML.zip,P12-14_code_pref_GML.zip,P12b-14_code_pref.shp,,P12-14_code_pref_GML,https://nlftp.mlit.go.jp/ksj/gml/datalist/KsjTmplt-P12-2014.html,,,,,,,CP932,,6668,
観光資源（面）,yes,P12,,,2014,https://nlftp.mlit.go.jp/ksj/gml/data/P12/P12-14/P12-14_code_pref_GML.zip,P12-14_code_pref_GML.zip,P12c-14_code_pref.shp,,P12-14_code_pref_GML,https://nlftp.mlit.go.jp/ksj/gml/datalist/KsjTmplt-P12-2014.html,,,,,,,CP932,,6668,
宿泊容量メッシュ,yes,P09,mesh1,Accommodation Capacity mesh,2010,https://nlftp.mlit.go.jp/ksj/gml/data/P09/P09-10/P09-10_code_mesh1-jgd_GML.zip,P09-10_code_mesh1-jgd_GML.zip,P09-10_code_mesh1-jgd-g_AccommodationCapacityMesh.shp,,,https://nlftp.mlit.go.jp/ksj/gml/datalist/KsjTmplt-P09.html,,,,,,,CP932,,4612,
地域資源,yes,P19,,,2012,https://nlftp.mlit.go.jp/ksj/gml/data/P19/P19-12/P19-12_code_pref_GML.zip,P19-12_code_pref_GML.zip,P19-12_code_pref.shp,,P19-12_code_pref_GML,https://nlftp.mlit.go.jp/ksj/gml/datalist/KsjTmplt-P19.html,,,,,,,CP932,P19-2012.qml,4612,
【保護保全】,heading,,,,,,,,,,,,,,,,,,,,
自然公園地域（自然公園地域）,yes,A10,,,2015,https://nlftp.mlit.go.jp/ksj/gml/data/A10/A10-15/A10-15_code_pref_GML.zip,A10-15_code_pref_GML.zip,a001code_pref0020160211.shp,,A10-15_code_pref_GML,https://nlftp.mlit.go.jp/ksj/gml/datalist/KsjTmplt-A10-2015.html,,,,,,,CP932,A10-11.qml,4612,
自然公園地域（特別地域）,yes,A10,,,2015,https://nlftp.mlit.go.jp/ksj/gml/data/A10/A10-15/A10-15_code_pref_GML.zip,A10-15_code_pref_GML.zip,a001code_pref0020160212.shp,,A10-15_code_pref_GML,https://nlftp.mlit.go.jp/ksj/gml/datalist/KsjTmplt-A10-2015.html,,,,,,,CP932,A10-12.qml,4612,
自然公園地域（特別保護地区）,yes,A10,,,2015,https://nlftp.mlit.go.jp/ksj/gml/data/A10/A10-15/A10-15_code_pref_GML.zip,A10-15_code_pref_GML.zip,a001code_pref0020160213.shp,,A10-15_code_pref_GML,https://nlftp.mlit.go.jp/ksj/gml/datalist/KsjTmplt-A10-2015.html,,,,,,,CP932,A10-13.qml,4612,
自然保全地域（自然保全地域）,yes,A11,,,2015,https://nlftp.mlit.go.jp/ksj/gml/data/A11/A11-15/A11-15_code_pref_GML.zip,A11-15_code_pref_GML.zip,a001code_pref0020160214.shp,,A11-15_code_pref_GML,https://nlftp.mlit.go.jp/ksj/gml/datalist/KsjTmplt-A11.html,,,,,,,CP932,A11-14.qml,4612,
自然保全地域（原生自然環境保全地域）,yes,A11,,,2015,https://nlftp.mlit.go.jp/ksj/gml/data/A11/A11-15/A11-15_code_pref_GML.zip,A11-15_code_pref_GML.zip,a001code_pref0020160215.shp,,A11-15_code_pref_GML,https://nlftp.mlit.go.jp/ksj/gml/datalist/KsjTmplt-A11.html,,,,,,,CP932,A11-15.qml,4612,
自然保全地域（特別地区）,yes,A11,,,2015,https://nlftp.mlit.go.jp/ksj/gml/data/A11/A11-15/A11-15_code_pref_GML.zip,A11-15_code_pref_GML.zip,a001code_pref0020160216.shp,,A11-15_code_pref_GML,https://nlftp.mlit.go.jp/ksj/gml/datalist/KsjTmplt-A11.html,,,,,,,CP932,A11-16.qml,4612,
鳥獣保護区,yes,A15,,Wildlife Preserve,2015,https://nlftp.mlit.go.jp/ksj/gml/data/A15/A15-15/A15-15_code_pref_GML.zip,A15-15_code_pref_GML.zip,A15_15_code_pref_WildlifePreserve.shp,,A15-15_code_pref_GML,https://nlftp.mlit.go.jp/ksj/gml/datalist/KsjTmplt-A15.html,,,,,,,CP932,A15.qml,6668,
4. 交通,heading,,,,,,,,,,,,,,,,,,,,
【交通】,heading,,,,,,,,,,,,,,,,,,,,
高速道路時系列（路線区間）,yes,N06,single,Highway Section,LandNumInfo_N06_HighwaySection.csv,https://nlftp.mlit.go.jp/ksj/gml/data/N06/N06-23/N06-23_GML.zip,N06-23_GML.zip,N06-23_HighwaySection.shp,,,https://nlftp.mlit.go.jp/ksj/gml/datalist/KsjTmplt-N06-2023.html,,,,,,,CP932,,6668,
高速道路時系列（接合部）,yes,N06,single,Highway Joint,LandNumInfo_N06_Joint.csv,https://nlftp.mlit.go.jp/ksj/gml/data/N06/N06-23/N06-23_GML.zip,N06-23_GML.zip,N06-23_Joint.shp,,,https://nlftp.mlit.go.jp/ksj/gml/datalist/KsjTmplt-N06-2023.html,,,,,,,CP932,,6668,
緊急輸送道路,yes,N10,,Emergency Road,LandNumInfo_N10.csv,https://nlftp.mlit.go.jp/ksj/gml/data/N10/N10-20/N10-20_code_pref_GML.zip,N10-20_code_pref_GML.zip,N10-20_code_pref.shp,,N10-20_code_pref,https://nlftp.mlit.go.jp/ksj/gml/datalist/KsjTmplt-N10-2024.html,,,,,,,CP932,N10.qml,6668,
重要物流道路,yes,N12,,Important Logistics Road,2021,https://nlftp.mlit.go.jp/ksj/gml/data/N12/N12-21/N12-21_code_pref_GML.zip,N12-21_code_pref_GML.zip,Shapefile/N12-21_code_pref.shp,,N12-21_code_pref_GML,https://nlftp.mlit.go.jp/ksj/gml/datalist/KsjTmplt-N12-2021.html,,,,,,,CP932,N12.qml,6668,
道路密度・道路延長メッシュ,yes,N04,mesh1,Road Density and Length mesh,LandNumInfo_N04.csv,,,,,,,,,,,,,,,,
高速バス停留所,yes,P36,,Express Bus Stop,2023,https://nlftp.mlit.go.jp/ksj/gml/data/P36/P36-23/P36-23_code_pref_SHP.zip,P36-23_code_pref_SHP.zip,P36-23_code_pref_SHP/P36-23_code_pref.shp,P36-23_code_pref.geojson,,https://nlftp.mlit.go.jp/ksj/gml/datalist/KsjTmplt-P36-2023.html,,,,,P36_001,code_pref_muni,CP932,P36-2023.qml,6668,
バス停留所,yes,P11,,Bus Stop,csv,https://nlftp.mlit.go.jp/ksj/gml/data/P11/P11-22/P11-22_code_pref_SHP.zip,P11-22_code_pref_SHP.zip,P11-22_code_pref.shp,P11-22_code_pref.geojson,P11-22_code_pref_SHP,https://nlftp.mlit.go.jp/ksj/gml/datalist/KsjTmplt-P11-2022.html,,,,,,,CP932,P11-2022.qml,6668,
バスルート,yes,N07,,Bus Route,csv,https://nlftp.mlit.go.jp/ksj/gml/data/N07/N07-22/N07-22_code_pref_SHP.zip,N07-22_code_pref_SHP.zip,N07-22_code_pref.shp,N07-22_code_pref.geojson,N07-22_code_pref_SHP,https://nlftp.mlit.go.jp/ksj/gml/datalist/KsjTmplt-N07-2022.html,,,,,,,CP932,N07.qml,6668,
鉄道（駅）,yes,N02,regional,Railway (Station),LandNumInfo_N02_Station.csv,,,,,,https://nlftp.mlit.go.jp/ksj/gml/datalist/KsjTmplt-N02-2024.html,,,,,,,,,,
鉄道（鉄道区間）,yes,N02,regional,Railway (Railroad Section),LandNumInfo_N02_RailroadSection.csv,,,,,,https://nlftp.mlit.go.jp/ksj/gml/datalist/KsjTmplt-N02-2024.html,,,,,,,,,,
鉄道時系列（駅）,yes,N05,single,Railway Time Series (Station),LandNumInfo_N05_Station2.csv,https://nlftp.mlit.go.jp/ksj/gml/data/N05/N05-23/N05-23_GML.zip,N05-23_GML.zip,N05-23_Station2.shp,N05-23_Station2.geojson,,https://nlftp.mlit.go.jp/ksj/gml/datalist/KsjTmplt-N05-2023.html,,,,,,,CP932,N02-Station.qml,6668,
鉄道時系列（鉄道区間）,yes,N05,single,Railway Time Series (Railroad Section),LandNumInfo_N05_RailroadSection2.csv,https://nlftp.mlit.go.jp/ksj/gml/data/N05/N05-23/N05-23_GML.zip,N05-23_GML.zip,N05-23_RailroadSection2.shp,N05-23_RailroadSection2.geojson,,https://nlftp.mlit.go.jp/ksj/gml/datalist/KsjTmplt-N05-2023.html,,,,,,,CP932,N02-RailroadSection.qml,6668,
駅別乗降客数,yes,S12,single,No of Passengers,LandNumInfo_S12.csv,https://nlftp.mlit.go.jp/ksj/gml/data/S12/S12-23/S12-23_GML.zip,S12-23_GML.zip,S12-23_NumberOfPassengers.shp,S12-23_NumberOfPassengers.geojson,,https://nlftp.mlit.go.jp/ksj/gml/datalist/KsjTmplt-S12-2022.html,,,,,,,CP932,S12-2022.qml,6668,
交通流動量 駅別乗降数（ポリゴン）（ポイント）,,S05-c,regional,,,,,,,,,,,,,,,,,,
空港（空港）,yes,C28,single,Airport (Airport),LandNumInfo_C28_Airport.csv,https://nlftp.mlit.go.jp/ksj/gml/data/C28/C28-21/C28-21_GML.zip,C28-21_GML.zip,C28-21_Airport.shp,,C28-21_GML,https://nlftp.mlit.go.jp/ksj/gml/datalist/KsjTmplt-C28-2021.html,,,,,,,CP932,C28-2021.qml,6668,
空港（標点）,yes,C28,single,Airport (Point),LandNumInfo_C28_Point.csv,https://nlftp.mlit.go.jp/ksj/gml/data/C28/C28-21/C28-21_GML.zip,C28-21_GML.zip,C28-21_AirportReferencePoint.shp,,C28-21_GML,https://nlftp.mlit.go.jp/ksj/gml/datalist/KsjTmplt-C28-2021.html,,,,,,,CP932,C28_AirportReferencePoint-2021.qml,6668,
空港（ターミナルビル）,yes,C28,single,Airport (Terminal Building),LandNumInfo_C28_TerminalBuilding.csv,https://nlftp.mlit.go.jp/ksj/gml/data/C28/C28-21/C28-21_GML.zip,C28-21_GML.zip,C28-21_TerminalBuilding.shp,,C28-21_GML,https://nlftp.mlit.go.jp/ksj/gml/datalist/KsjTmplt-C28-2021.html,,,,,,,CP932,,6668,
空港（調査内容）,yes,C28,single,Airport (Survey),LandNumInfo_C28_SurveyContent.csv,https://nlftp.mlit.go.jp/ksj/gml/data/C28/C28-21/C28-21_GML.zip,C28-21_GML.zip,C28-21_SurveyContent.shp,,C28-21_GML,https://nlftp.mlit.go.jp/ksj/gml/datalist/KsjTmplt-C28-2021.html,,,,,,,CP932,C28_SurveyContent-2021.qml,6668,
空港時系列（空港区域）,yes,N08,single,Airport Time,LandNumInfo_N08.csv,https://nlftp.mlit.go.jp/ksj/gml/data/N08/N08-21/N08-21_GML.zip,N08-21_GML.zip,N08-21_Airport.shp,,N08-21_GML,https://nlftp.mlit.go.jp/ksj/gml/datalist/KsjTmplt-N08-2021.html,,,,,,,CP932,N08_Airport-2021.qml,6668,
空港時系列（標点）,yes,N08,single,Airport Time (Point),LandNumInfo_N08_Point.csv,https://nlftp.mlit.go.jp/ksj/gml/data/N08/N08-21/N08-21_GML.zip,N08-21_GML.zip,N08-21_AirportPoint.shp,,N08-21_GML,https://nlftp.mlit.go.jp/ksj/gml/datalist/KsjTmplt-N08-2021.html,,,,,,,CP932,N08_Airport_point-2021.qml,6668,
空港間流通量,yes,S10b,single,Inter-Airport Traffic,LandNumInfo_S10b.csv,https://nlftp.mlit.go.jp/ksj/gml/data/S10b/S10b-14/S10b-14_GML.zip,S10b-14_GML.zip,S10b-14_BetAport.shp,,S10b-14_GML,https://nlftp.mlit.go.jp/ksj/gml/datalist/KsjTmplt-S10b-2014.html,,,,,,,CP932,S10b-2014.qml,4612,
ヘリポート,yes,N11,,Heliport,2013,https://nlftp.mlit.go.jp/ksj/gml/data/N11/N11-13/N11-13_code_pref.zip,N11-13_code_pref.zip,N11-13_code_pref.shp,,N11-13_code_pref,https://nlftp.mlit.go.jp/ksj/gml/datalist/KsjTmplt-N11.html,,,,,,,CP932,N11-2013.qml,4612,
港湾（港湾の位置）,yes,C02,single,Port and Habor,LandNumInfo_C02_PandH.csv,https://nlftp.mlit.go.jp/ksj/gml/data/C02/C02-14/C02-14_GML.zip,C02-14_GML.zip,C02-14-g_PortAndHarbor.shp,,C02-14_GML,https://nlftp.mlit.go.jp/ksj/gml/datalist/KsjTmplt-C02-2014.html,,,,,,,CP932,C02_Port-2014.qml,4612,
港湾（港湾区域界）,yes,C02,single,Harbor District Boundary,LandNumInfo_C02_HDB.csv,https://nlftp.mlit.go.jp/ksj/gml/data/C02/C02-14/C02-14_GML.zip,C02-14_GML.zip,C02-14-g_HarborDistrictBoundary.shp,,C02-14_GML,https://nlftp.mlit.go.jp/ksj/gml/datalist/KsjTmplt-C02-2014.html,,,,,,,CP932,C02_HarbourDistrictBoundary-2014.qml,4612,
港湾（港域の位置）,yes,C02,single,Port District Boundary,LandNumInfo_C02_PDB.csv,https://nlftp.mlit.go.jp/ksj/gml/data/C02/C02-14/C02-14_GML.zip,C02-14_GML.zip,C02-14-g_PortDistrictBoundary.shp,,C02-14_GML,https://nlftp.mlit.go.jp/ksj/gml/datalist/KsjTmplt-C02-2014.html,,,,,,,CP932,C02_PortDistrictBoundary-2014.qml,4612,
漁港（漁港の位置）,yes,C09,single,Fishing Port,2006,https://nlftp.mlit.go.jp/ksj/gml/data/C09/C09-06/C09-06_GML.zip,C09-06_GML.zip,C09-06_FishingPort.shp,,C09-06_GML,https://nlftp.mlit.go.jp/ksj/gml/datalist/KsjTmplt-C09.html,,,,,,,CP932,C09_FishingPort-2006.qml,4612,
漁港（漁港）,yes,C09,single,Fishing Port Boundary,2006,https://nlftp.mlit.go.jp/ksj/gml/data/C09/C09-06/C09-06_GML.zip,C09-06_GML.zip,C09-06_FishingPortBoundary.shp,,C09-06_GML,https://nlftp.mlit.go.jp/ksj/gml/datalist/KsjTmplt-C09.html,,,,,,,CP932,C09_FishingPortBoundary-2006.qml,4612,
港湾間流通量・海上経路,yes,S10a,single,Inter-Port Traffice,LandNumInfo_S10a.csv,https://nlftp.mlit.go.jp/ksj/gml/data/S10a/S10a-16/S10a-16_GML.zip,S10a-16_GML.zip,S10a-16_BetweenPort.shp,S10a-16_BetweenPort.geojson,S10a-16_GML,https://nlftp.mlit.go.jp/ksj/gml/datalist/KsjTmplt-S10a-2016.html,,,,,,,CP932,S10a-2016.qml,6668,
定期旅客航路（港）,yes,N09,single,Port Point,2012,https://nlftp.mlit.go.jp/ksj/gml/data/N09/N09-12/N09-12_GML.zip,N09-12_GML.zip,N09-12_p.shp,,,https://nlftp.mlit.go.jp/ksj/gml/datalist/KsjTmplt-N09.html,,,,,,,CP932,N09_Point-2012.qml,4612,
定期旅客航路（路線）,yes,N09,single,Port Route,2012,https://nlftp.mlit.go.jp/ksj/gml/data/N09/N09-12/N09-12_GML.zip,N09-12_GML.zip,N09-12_l.shp,,,https://nlftp.mlit.go.jp/ksj/gml/datalist/KsjTmplt-N09.html,,,,,,,CP932,N09_Line-2012.qml,4612,
パーソントリップ・交通変動量,,,,,,,,,,,,,,,,,,,,,
発生・集中量（ポリゴン）（ライン）,,S05-a,region,,,,,,,,,,,,,,,,,,
OD量（ポリゴン）（ライン）,,S05-b,region,,,,,,,,,,,,,,,,,,
貨物旅客地域流動量（旅客地域流動量）,yes,S05-d,single,Passenger Region Flow,LandNumInfo_S05-d-P.csv,https://nlftp.mlit.go.jp/ksj/gml/data/S05-d/S05-d-18/S05-d-18_GML.zip,S05-d-18_GML.zip,S05-d-18-g_PassengerRegionFlow.shp,S05-d-18-g_PassengerRegionFlow.geojson,S05-d-18_GML,https://nlftp.mlit.go.jp/ksj/gml/datalist/KsjTmplt-S05-d-2018.html,,,,,,,CP932,,6668,
貨物旅客地域流動量（貨物地域流動量）,yes,S05-d,single,Cargo Region Flow,LandNumInfo_S05-d-C.csv,https://nlftp.mlit.go.jp/ksj/gml/data/S05-d/S05-d-18/S05-d-18_GML.zip,S05-d-18_GML.zip,S05-d-18-g_CargoRegionFlow.shp,S05-d-18-g_CargoRegionFlow.geojson,S05-d-18_GML,https://nlftp.mlit.go.jp/ksj/gml/datalist/KsjTmplt-S05-d-2018.html,,,,,,,CP932,,6668,
5. 各種統計,heading,,,,,,,,,,,,,,,,,,,,
1kmメッシュ別将来推計人口,yes,mesh1000,,Estimated Population Mesh 1km,LandNumInfo_mesh1000.csv,,,,,,https://nlftp.mlit.go.jp/ksj/gml/datalist/KsjTmplt-mesh1000r6.html,,,,,,,,,,
500mメッシュ別将来推計人口,yes,mesh500,,Estimated Population Mesh 500m,LandNumInfo_mesh500.csv,,,,,,https://nlftp.mlit.go.jp/ksj/gml/datalist/KsjTmplt-mesh500r6.html,,,,,,,,,,
250mメッシュ別将来推計人口,yes,mesh250,,Estimated Population Mesh 250m,LandNumInfo_mesh250.csv,,,,,,https://nlftp.mlit.go.jp/ksj/gml/datalist/KsjTmplt-mesh250r6.html,,,,,,,,,,
,,,,,,,,,,,,,,,,,,,,,
